{"version":4,"hash":{"type":"Buffer","data":"n0xf6xqYqeFqla9/e65xQ+Fw/v5wAB8oj3V3turXu1YCQ7attZ5U7DZOBjJCseEzhOvZPfpZNSwErBEEZdkoRTKgy9U3qJ2xUKlnk/1FOmTptXHqqJ+oyJWd01Q0jOL/183VTjDnVXqfrrefIT38qj8AlNg4+B5yJWGoA2Yq47o="},"indexValueMap":{"ADninzChXHtXdqo2D7yF5KDcs73kWAiY4Bmi9HvTnoA=":{"valueMac":{"type":"Buffer","data":"8zGVKvQSwGDOu+MQFRUdJTlW+duLlOjCAhJZTi8PsGo="}},"TzorkTefZmc5nnOEDfefQZgOKASxVkV2dz9oD+xhfUI=":{"valueMac":{"type":"Buffer","data":"fbjOy/8EY7kYkyLQee8qUjyNxD7qhc+JmJ3xr/YSbjc="}},"V55cWzECQTODdm4KRtgsYZpxr3c1bEjPXTJZIo0QOZA=":{"valueMac":{"type":"Buffer","data":"jW3jZgwKkMy2r+MorOhugXSXNkQ2U/7QdT8kmafVSWA="}},"dr3NMzbkJDfjNNd97N8AxtEbTm9GCJIP/5kJdLouV+Q=":{"valueMac":{"type":"Buffer","data":"eb2It/iOcQU83iMv/3ef/fnaNmNNADDpd1BkDO189TY="}},"g+GC49dhiL2Wnrr9mUHuAalMYMXiSwXYUkkLV7yyfAM=":{"valueMac":{"type":"Buffer","data":"FmhU3QojJRVH7ukyDuuzPMjDnldVrGgD2jzHa5+9rec="}},"oAobMzUcxI3B8RX3dEdbqwKi2BrjnGSoIq5SRLWDax0=":{"valueMac":{"type":"Buffer","data":"Ma3QmyXGxfXry7Qa6PXWi6tJm2o2CqlShy7d5yy3Bi8="}},"vSrqL7AXUIdRGxC8TEThPowx+m98bOP69UK1+baG1h4=":{"valueMac":{"type":"Buffer","data":"LJSRr0EPML3zTR8TRXL5+wHtikngwY/wq4wTh+HVNkw="}},"vwPJrCTtiLZ1BwZNk2jEPisOt1LsxQ8B8+iZxAXGezw=":{"valueMac":{"type":"Buffer","data":"J760eUP5FZzAulCgEvX78B60niAOnslQxFn/r2JBi/w="}},"347IUhT+vXvcnNA7LayVcL5Bn+gOWN0BOgPpjng3+UA=":{"valueMac":{"type":"Buffer","data":"tMSfIEhS5q0f36YiB3wBXTAFQX+KJzwuCs0Mv3qbdYc="}},"38ccP4KY7OGGx0NWkpa52zCaGXhIdmfWvRD41/vu5Bg=":{"valueMac":{"type":"Buffer","data":"yurMzSBdS1i1rV3eY2OSZEPOAaEt+nRvuzIjbvEjLOg="}}}}