{"version":1,"hash":{"type":"Buffer","data":"Wu8XmCscgyi4r0V1p1QH35yjCFuFl4EU63f7BrzcEs8QKnwU+x40WQSjuiPQgrOXRJULAo9aH8GrPJ5AZCYN10DZ4bGG1jKED39owvjXlMgKgNw9x9terA/oMjqPai0yq8GNsxHXC1aY+WT/IfdMSmhmDrnFgRMGiuPDuEG/Ps0="},"indexValueMap":{"AxEIxDE48QJcKVGk4KhzK/3TMJNdYiN+AEbJ6aKuuak=":{"valueMac":{"type":"Buffer","data":"ywnL61fCr7KNNRxdTzvweThxCbvP4w9zIdyvKHkJB24="}},"ENAfn5cstGOuF89Xj8C9HZTAQORBAH6cTi07kn5f5GE=":{"valueMac":{"type":"Buffer","data":"DSeepi0wQCr5T3ZdP6aMWLqpZ5wWuCnVlkQJefWZUKE="}},"KJgWe7MqZjahdpjBAqGMiYn1I5f8LkD57rWHdpi/oY0=":{"valueMac":{"type":"Buffer","data":"oDv068pnJDYgPFAyF+CvE1iYCvJjp1LX+i7q7gG+L6c="}},"N5V2gkC3AivXFVZvuLzLSbSyLXZKhBZRnAbWSZGLOAA=":{"valueMac":{"type":"Buffer","data":"3keJC5ejQGnzjhfsqdjOra4hB41UNHIG8ak9vzZ0s2A="}},"ONzF7lfJ746Kq+pIETqO5FXrFIDRk3LRMGSuq8oyRXs=":{"valueMac":{"type":"Buffer","data":"NeohLEm568E2hTLvi/+GTbBjW6FqOEzdFB0kSLBPcHo="}},"PUOoDgxDBLECwblTpp1kH5bJBXjWy1OPOPRmkM11Qb0=":{"valueMac":{"type":"Buffer","data":"QNn+LO8aUp6+t0mynQYdxUl5d/uNDdUxxV0JqFjzCi4="}},"QWnUneF/T0QkBNzSuvuw6pp6ZjwmMnTukXjiFjOqTss=":{"valueMac":{"type":"Buffer","data":"62ADjk6XoI/dZFuVHD6DC59FLjtlKGrqrYfQ4tSKDKg="}},"RPiYNts3+PhOxr5mkWPyBLtR5mapvpoPRGnm8GQtBcw=":{"valueMac":{"type":"Buffer","data":"wnJBrr/x3Ul3uA7+tYIEDohMdemIlZxUZqgLk7wmRzE="}},"SAH9fTI+Bmxnkrje9uz/AWuXlnkZ6ZZtMSLB/ByxKmU=":{"valueMac":{"type":"Buffer","data":"RM+W/JzSmIJ6hKziPWcjY5i9pbNerNZkybZhE8JrHKQ="}},"TDNKCIbV0JtU9BHIBiNksnG5HdiA+q2yRzUEyiNAv/Y=":{"valueMac":{"type":"Buffer","data":"nEKe6IJoWC3HH5tGdNwavTMubusj2JfQ87+s9dxdpuw="}},"U+Gdp5PYBS92bDzMGDcyhvaoswuIDbe1Ph28h2ylgsc=":{"valueMac":{"type":"Buffer","data":"AG66W5EcDJ/5ICDaGcnVViHEbNJ8Iev/voFiUSFXEJw="}},"V3wQWNoueyv81oOPJKZhW8p6eomxxmAQdmtgwwXJ/jY=":{"valueMac":{"type":"Buffer","data":"rns6zFmGSiF2jTIss+9QmrMzahcHRH7l1zjPpOx4mUM="}},"Xepo2pql//l4xS0/4JWZy02AHRdPLiNUooZy7kMWqf4=":{"valueMac":{"type":"Buffer","data":"QV+ijJq1Dq750a4dgLlKMla+kCToOlXhcy039eoviLU="}},"XwhEuWWC6QAlDBjNewP6O8Qr4iRoQ/4RuOLP9ajH9Js=":{"valueMac":{"type":"Buffer","data":"2tgOJFOag5R+CVLnptK0hIVe/WzqtsZ1bv7s8+2T+fo="}},"X+uzJKkDJvxZ5q70QT5f97q7FtDC4hRHzHdULBJkw5o=":{"valueMac":{"type":"Buffer","data":"m3fgztIhNxog9zDiNmiO5/B5nZDs/FWXFKqPAzvU8J0="}},"ZtE3jsMFrNtC7BJ5Rit7gn1DRAIj8ciSHwD8eTXUDbQ=":{"valueMac":{"type":"Buffer","data":"DSahsF52kfbdTqj23Hp1DGhBkVRNJhkemOcQs+nuc/I="}},"Z8dbmBiuqB/hcIhwpctduVqkXmQYoMsqHSVUBHcJdk0=":{"valueMac":{"type":"Buffer","data":"8pKerbbt6k92/6t/EGQ8IzrX/uATu44WNmjzyK14TUU="}},"ivSn4DFN0u8iIBXowPExfIVzhJC+JM/9cHmqJ3jVlOA=":{"valueMac":{"type":"Buffer","data":"vctPLgZoSbk8Ru21uj4bu4xDGB6MG6IPGrCYAteBbXc="}},"nZHG0oQ6IKILnMmxVgEVuaQgxyxpoK2nNxrHDbb6FLk=":{"valueMac":{"type":"Buffer","data":"ReQjg7f+ML267IreR9H3KOwiGWizt+leA7tj0bKnOzg="}},"osra4ailOzc8QrTM2a4Tl+gxzwud6EbJ4axho0hTSr0=":{"valueMac":{"type":"Buffer","data":"v616Zf0TaLGDsbH5KJwGlN3tqExRguLRNvaDuwIEDxc="}},"qBK4ReRla1WH8K5DKhUIBTw3ZhgI/71CthLonpASWMk=":{"valueMac":{"type":"Buffer","data":"4vrfSBbUXXrTc4+eEE+1/Oy6IqCSgh6lXPEQ5TLro2Y="}},"qim/kqTmISXaHiTfUlhngJmdG/TrtcSjcIQWIna1C/E=":{"valueMac":{"type":"Buffer","data":"W3A8Si4jJwPjl4ejNpSJgF8Zy9F2UugjQFWMlczqu5Q="}},"sTZOTWTOka8Xu9qrvBVOip1cx8ljlA1XR/CP3fFJcdQ=":{"valueMac":{"type":"Buffer","data":"i7gb/fLQtm2nw/kaZ4ZLBB4HPyg20Hj1/UXKcVcF23Y="}},"sfH+zP5yrjl39/R8OQRBYiAfHpMSiO92RG3w/3c950I=":{"valueMac":{"type":"Buffer","data":"t53pa19MiKG4IKWlJ5NZh/Kn2cyb4Dwy3rHmz5rbaag="}},"xEIkGuEb4+MoxKV9yiQPEeJlpE9YXEa8TRXkVOc301w=":{"valueMac":{"type":"Buffer","data":"2iIOg5eahXOBjnomFT/45PQB7iJDQyinyOEahLAaO9U="}},"x6Qme7dv7OMKlJqOjdHQ0+FyHRym3xfblWIU/ngtYQU=":{"valueMac":{"type":"Buffer","data":"DLjqaryyZtmuEAToBVtJ0VvsQCHdNSYsSjBc0XBRyl4="}},"x8ROBXe7hirow4Xq7Il22uO1pysbP3uOes/bYIDzvFE=":{"valueMac":{"type":"Buffer","data":"55m+kQb3b4ErCGnIiq+V5AwmSmuvDRkFsWrMPD0AxJY="}},"y2tt00zTE1pEvFRiQ1Y7HBs7oaGeD3h+FzqKKWfOmQg=":{"valueMac":{"type":"Buffer","data":"2Yoe3sZ06jW4wp4Gj0iTXuiSeEvBPADtwpofJrbzPjY="}},"4AnkM/RsEuoh3Bs9m0Uk7DrX8X+J0fM3WZZ3dpfj88Y=":{"valueMac":{"type":"Buffer","data":"JvNMolpdIu0/dcuUXXn6k2lu9Gqqcra2oVxFCEkdIwk="}},"5YwtkCVD1F0Zs5u9p0UxmY5ddet2RMmE1F+9MKV5IgQ=":{"valueMac":{"type":"Buffer","data":"vNdNCCO6JdHL5rOtP9tgRINomgYhE0EAXA2r6N50kJU="}},"6+UspTaUKyIEtY7ONxZwlPQafRYl2jEFT5/CFqJoc7k=":{"valueMac":{"type":"Buffer","data":"u6bXqwVJPbFNu+vLlC1LkiYa+yaUwYCEKuVkvlPzLtM="}},"7DSZ2UGdR3mkTkvTibsD7JxognSwuFMmmCJtbzfom3E=":{"valueMac":{"type":"Buffer","data":"VjqSMk86Tz2lLt/vZMDSd52UvTuZpywkWTfhOvXNqxQ="}},"8icBOvaOz8lNEuCdiVlhHA+8Lz2d53BFlOsonOXv/ds=":{"valueMac":{"type":"Buffer","data":"2+MbYv/7ZIo8vewQ7LnnzabTzGoR6ww868Houaylc5c="}},"+ly0rxTSrH23d2FnFAGV6bwZDOUsOJ+NdqTiM/fl6Ug=":{"valueMac":{"type":"Buffer","data":"HW+9omDBqoIpkHwEqLS4FcK7vfQtbBt7UTtVlnfrmnU="}}}}