{"noiseKey":{"private":{"type":"Buffer","data":"EJ9GXoNGjDiU51ZKwsDv1EefZZ46nLzic/2NzRGiKmA="},"public":{"type":"Buffer","data":"E2M+wNlED++j3BJkvM9frg4MX7mHIPFvfg5ajSh2w28="}},"pairingEphemeralKeyPair":{"private":{"type":"Buffer","data":"IBasu5G1Si0NY7xLW+ohWtHVkKNnwgn7bhJIg/MnZUs="},"public":{"type":"Buffer","data":"6fdD+2HlfF+6t3jjgUoFzoMtNEWo1fHVy/g06SiRHFM="}},"signedIdentityKey":{"private":{"type":"Buffer","data":"eND5Rw+spWkZI6oWHUzJhMXIY8j7gjl8+B3km8m4tGQ="},"public":{"type":"Buffer","data":"2U1w70YxTJFsPsH6wlnYwbcA7UWaZOqmbEjtfTmkQEc="}},"signedPreKey":{"keyPair":{"private":{"type":"Buffer","data":"WGMwml7eHHWMdkV0OLE6xYq9rkF1L2a46iuT3H2nE3s="},"public":{"type":"Buffer","data":"MWt1rspC4gxrGSsZpBNdzUh3yjff637X981sx7m5gB8="}},"signature":{"type":"Buffer","data":"Txo3gx7rBM91iTAMX+cGs+ONJ5ilVfG542iQ30eVJrXCEGJIOA9UXsNgK52GU/+9AOmcWprG0kDuc8J4HOoHAQ=="},"keyId":1},"registrationId":67,"advSecretKey":"ZxtfabUgaxEehlalLIRsPX1BuCEcE4M8eSOCP0nMz6o=","processedHistoryMessages":[{"key":{"remoteJid":"6288228819127@s.whatsapp.net","fromMe":false,"id":"AC6C6095C90CDEB1DCDD7C21500266F2","participant":"","addressingMode":"pn"},"messageTimestamp":1770579318},{"key":{"remoteJid":"6288228819127@s.whatsapp.net","fromMe":false,"id":"AC240F034CB81BA14314131A728D9BD7","participant":"","addressingMode":"pn"},"messageTimestamp":1770579319},{"key":{"remoteJid":"6288228819127@s.whatsapp.net","fromMe":false,"id":"ACD98FF24D77FD523FEEDEFE56D421AE","participant":"","addressingMode":"pn"},"messageTimestamp":1770579320},{"key":{"remoteJid":"6288228819127@s.whatsapp.net","fromMe":false,"id":"AC55CA385FA5FC14822D76E67B830368","participant":"","addressingMode":"pn"},"messageTimestamp":1770579320},{"key":{"remoteJid":"6288228819127@s.whatsapp.net","fromMe":false,"id":"AC8CB9C3BE154C9F56D2A5DE9B6796DF","participant":"","addressingMode":"pn"},"messageTimestamp":1770579371}],"nextPreKeyId":813,"firstUnuploadedPreKeyId":813,"accountSyncCounter":1,"accountSettings":{"unarchiveChats":false},"registered":true,"pairingCode":"SIBAYUXD","me":{"id":"6288228819127:29@s.whatsapp.net","lid":"94481244287018:29@lid","name":"SbyuXd–bxx"},"account":{"details":"CKWkgO4HEOnKo8wGGAQgACgA","accountSignatureKey":"2dJDOpcOqXpOMkVeA4G6gioU6cfkjjmkYufBtBjBDl4=","accountSignature":"tpPPACywGA9NbWcWyVl0agKuOTFVG8R92L9/sBaEbZWozN8f9K2Dj1k1EJTvhlSicrlXALkW+a8fCWx6kthICw==","deviceSignature":"hUM9+/muTPRSaFRMxmfVIc/C76NpWVytSzs5hDOi5a4RFlU6iVVEcW7XKPuBI/chodezeRGG8g2QKiv94Pq8Ag=="},"signalIdentities":[{"identifier":{"name":"94481244287018:29@lid","deviceId":0},"identifierKey":{"type":"Buffer","data":"BdnSQzqXDql6TjJFXgOBuoIqFOnH5I45pGLnwbQYwQ5e"}}],"platform":"android","routingInfo":{"type":"Buffer","data":"CA0IBQgS"},"lastAccountSyncTimestamp":1770579485,"myAppStateKeyId":"AAAAAHkN","lastPropHash":"1K4hH4"}