{"_sessions":{"Ba83SnCiaTmbNpzMJTbMcOYv/tP3rSuQU60DYisHB6Q4":{"registrationId":1535422854,"currentRatchet":{"ephemeralKeyPair":{"pubKey":"BTvt3fksEBGd6AXFTvkIEOB3Ouv3Bni6Dv4rlvuPtINN","privKey":"kAbhw6VyerrXtCTwrX7YE0Ms1tJjHHe+jhCN3t11u0M="},"lastRemoteEphemeralKey":"BUOQb6O7FScVjAD+7ogLJUfolmv3VHfIezRmhJa1m5AA","previousCounter":0,"rootKey":"QpF9OzkEatI2HsQ6Gq12H03SWzohcPTUGfDyMevK8QQ="},"indexInfo":{"baseKey":"Ba83SnCiaTmbNpzMJTbMcOYv/tP3rSuQU60DYisHB6Q4","baseKeyType":1,"closed":-1,"used":1770580234061,"created":1770580234061,"remoteIdentityKey":"BdtZfoc3A4opqewXWhbjhnxBAH4rWcS0BQ5vHvoPhA9D"},"_chains":{"BTvt3fksEBGd6AXFTvkIEOB3Ouv3Bni6Dv4rlvuPtINN":{"chainKey":{"counter":0,"key":"yn5eeMLsHmLKsFVt6boRg+Y0n42gR2B3LGR+J03Pmag="},"chainType":1,"messageKeys":{}}},"pendingPreKey":{"signedKeyId":1309944,"baseKey":"Ba83SnCiaTmbNpzMJTbMcOYv/tP3rSuQU60DYisHB6Q4","preKeyId":14048697}}},"version":"v1"}