{"_sessions":{"BdGfJVjQSfWHDVRjVRQGPtidXYcbxVidR+cLZlcWfhJb":{"registrationId":51,"currentRatchet":{"ephemeralKeyPair":{"pubKey":"BRp+VXDOcZf8vuPyGpPMVZsrp3n9l2mIa9M+0dkB3Rlu","privKey":"mGzxI5J30wq7xYE3a1X8FfN/D2Vg3+1hIg57q8eP52U="},"lastRemoteEphemeralKey":"BRpX9JgZ5Hqt2HthlD7BfU1+vRYTqCtoH78S8g0n3ZVM","previousCounter":0,"rootKey":"zEw8HLVoP0C1LadiSXYD5gv9kRF8ivcmdOEHwHrZ1e0="},"indexInfo":{"baseKey":"BdGfJVjQSfWHDVRjVRQGPtidXYcbxVidR+cLZlcWfhJb","baseKeyType":1,"closed":1770579351257,"used":1770579333579,"created":1770579333579,"remoteIdentityKey":"BYC/Sh5X/Y4dIqbLKaM8G+8n/H0QMVlEYmek+IoilQo+"},"_chains":{"BRp+VXDOcZf8vuPyGpPMVZsrp3n9l2mIa9M+0dkB3Rlu":{"chainKey":{"counter":0,"key":"Y2Ty/+1rXer/x88sRj3fjuj+rRnxMSK2x1E7anLJCso="},"chainType":1,"messageKeys":{}}},"pendingPreKey":{"signedKeyId":1,"baseKey":"BdGfJVjQSfWHDVRjVRQGPtidXYcbxVidR+cLZlcWfhJb","preKeyId":660}},"BXnytHFgtiP6nX58F8A/iQWpRGAEcOFMvlTRHZhwEMlD":{"registrationId":51,"currentRatchet":{"ephemeralKeyPair":{"pubKey":"BSR76EC+nJN+WxcKnkvMQq8YWjejn+NZ/jqW6shUv9k7","privKey":"sB8w4InH63Fcj2jNAnVR4os1JIigitNdb54qL6ZeenQ="},"lastRemoteEphemeralKey":"BRpX9JgZ5Hqt2HthlD7BfU1+vRYTqCtoH78S8g0n3ZVM","previousCounter":0,"rootKey":"qCTQ8AAanqrVM8/kP8iaIfI3ObLUhn2/QmnFrbtlmfc="},"indexInfo":{"baseKey":"BXnytHFgtiP6nX58F8A/iQWpRGAEcOFMvlTRHZhwEMlD","baseKeyType":1,"closed":1770579356678,"used":1770579351256,"created":1770579351256,"remoteIdentityKey":"BYC/Sh5X/Y4dIqbLKaM8G+8n/H0QMVlEYmek+IoilQo+"},"_chains":{"BSR76EC+nJN+WxcKnkvMQq8YWjejn+NZ/jqW6shUv9k7":{"chainKey":{"counter":0,"key":"mJPCq6X2KIFHf1UZpaA8o7ibgi0gYhm4H/1LYQwDqyc="},"chainType":1,"messageKeys":{}}},"pendingPreKey":{"signedKeyId":1,"baseKey":"BXnytHFgtiP6nX58F8A/iQWpRGAEcOFMvlTRHZhwEMlD","preKeyId":639}},"BaJEVmWq2t+RUaMPAuXXp9cNPLReiWBM/M2efj7QFZ1S":{"registrationId":51,"currentRatchet":{"ephemeralKeyPair":{"pubKey":"BUo1WWoowHAUPXVfv46R2lR2B3s1oihwY0tNE6I/XUx/","privKey":"APQ66iO8mD+hUEWrfx9xmiczHTy3b6aiHt7NmamGxFc="},"lastRemoteEphemeralKey":"BRpX9JgZ5Hqt2HthlD7BfU1+vRYTqCtoH78S8g0n3ZVM","previousCounter":0,"rootKey":"YbxuMjnjkCRCQ9Rtx/Nxe7Pg/wjVZJ5WjxuNadFaXjs="},"indexInfo":{"baseKey":"BaJEVmWq2t+RUaMPAuXXp9cNPLReiWBM/M2efj7QFZ1S","baseKeyType":1,"closed":1770579360930,"used":1770579356677,"created":1770579356677,"remoteIdentityKey":"BYC/Sh5X/Y4dIqbLKaM8G+8n/H0QMVlEYmek+IoilQo+"},"_chains":{"BUo1WWoowHAUPXVfv46R2lR2B3s1oihwY0tNE6I/XUx/":{"chainKey":{"counter":0,"key":"qC5Qzu5MkJCMEGz4mXCOfrjHScosxIEjyXSFxkzhE9s="},"chainType":1,"messageKeys":{}}},"pendingPreKey":{"signedKeyId":1,"baseKey":"BaJEVmWq2t+RUaMPAuXXp9cNPLReiWBM/M2efj7QFZ1S","preKeyId":146}},"BZmFuMRFY4vUCeGfv/Br4r+aAKnQ7LpWN6HA202IL1Mp":{"registrationId":51,"currentRatchet":{"ephemeralKeyPair":{"pubKey":"BV2mLdn+D7LXpLGW3Y8bp4G7TaWPfDyKSLvWWeGlcTg8","privKey":"aOmxXQh2LHN5DRlK/akNSPsf92jiPl+cOZ2ul01dPVU="},"lastRemoteEphemeralKey":"BRpX9JgZ5Hqt2HthlD7BfU1+vRYTqCtoH78S8g0n3ZVM","previousCounter":0,"rootKey":"XLGkSe/mU700ArUtK8mJNrMAPEo121gHfx32GPqzL/M="},"indexInfo":{"baseKey":"BZmFuMRFY4vUCeGfv/Br4r+aAKnQ7LpWN6HA202IL1Mp","baseKeyType":1,"closed":-1,"used":1770579360929,"created":1770579360929,"remoteIdentityKey":"BYC/Sh5X/Y4dIqbLKaM8G+8n/H0QMVlEYmek+IoilQo+"},"_chains":{"BV2mLdn+D7LXpLGW3Y8bp4G7TaWPfDyKSLvWWeGlcTg8":{"chainKey":{"counter":18,"key":"iNvHoN1PSi+M7QAc/k93LuOtcGjpdecSYH8Pf9DI9Us="},"chainType":1,"messageKeys":{}}},"pendingPreKey":{"signedKeyId":1,"baseKey":"BZmFuMRFY4vUCeGfv/Br4r+aAKnQ7LpWN6HA202IL1Mp","preKeyId":126}}},"version":"v1"}