{"_sessions":{"BVbVMRMw5dmKvo5wTFqvIzQDXvCaVYzzdXZWrCKvi7gk":{"registrationId":1469587775,"currentRatchet":{"ephemeralKeyPair":{"pubKey":"Bele0lweUW0Uc/RjfiApGK79Zud7Tu1gCGy4yYzK/ewr","privKey":"MI8fRL+BZm9LRoKXhnt83vvvAKn+Oi6GrIPtde/6HUE="},"lastRemoteEphemeralKey":"BZcU63mRBKrwbAos66ucjEY0hHEzaFyFWY44ki0OyrcE","previousCounter":0,"rootKey":"3grKvg2SipgV+egznsmIplrFW0bVj7GBm1jdDlxJ1TM="},"indexInfo":{"baseKey":"BVbVMRMw5dmKvo5wTFqvIzQDXvCaVYzzdXZWrCKvi7gk","baseKeyType":1,"closed":-1,"used":1770580234365,"created":1770580234365,"remoteIdentityKey":"BY1py/L6W5TZ95iLRyED4rP0aGLCDvo0HLmMxT54W6hc"},"_chains":{"Bele0lweUW0Uc/RjfiApGK79Zud7Tu1gCGy4yYzK/ewr":{"chainKey":{"counter":0,"key":"jcdklhiWfXjt3dPDvJ/GO3EeK+qvvZhyTkBQB/gLfTA="},"chainType":1,"messageKeys":{}}},"pendingPreKey":{"signedKeyId":5362375,"baseKey":"BVbVMRMw5dmKvo5wTFqvIzQDXvCaVYzzdXZWrCKvi7gk","preKeyId":8160796}}},"version":"v1"}