{"_sessions":{"BV9Kxcxm+qJG4XZuoG54rBFsiXdK2D+Sw/jlTFDi9FUM":{"registrationId":157,"currentRatchet":{"ephemeralKeyPair":{"pubKey":"BY3kWSp1sp2J2K3IPB5bprILBE1+9kOkGC0xyBHH6Upw","privKey":"CM1CA2fKHw39L/yoL9lV8F0bZag+c/1bRlkW1rS+52U="},"lastRemoteEphemeralKey":"BWwwZxfWvpt3tMgt1ki103gEC6pjkhsdn9M5ihlz0hos","previousCounter":0,"rootKey":"CLo3FXeVX45PACyuu/wsxpHzIJen1qZsfsm3x/QhSU4="},"indexInfo":{"baseKey":"BV9Kxcxm+qJG4XZuoG54rBFsiXdK2D+Sw/jlTFDi9FUM","baseKeyType":1,"closed":-1,"used":1770580234579,"created":1770580234579,"remoteIdentityKey":"Bewvx0sEbm0Epb2jegJ7lWs7LG6qvmF5tPkwBx7o+4IQ"},"_chains":{"BY3kWSp1sp2J2K3IPB5bprILBE1+9kOkGC0xyBHH6Upw":{"chainKey":{"counter":0,"key":"Vi52Ur17tqxftrkefGFXjl/rxLLk1tEzaUpEY1CQ318="},"chainType":1,"messageKeys":{}}},"pendingPreKey":{"signedKeyId":1,"baseKey":"BV9Kxcxm+qJG4XZuoG54rBFsiXdK2D+Sw/jlTFDi9FUM"}}},"version":"v1"}