{"_sessions":{"BQqMi6KXW10b6Nj/oxFA9B5OFouuvtZC1KuYJwtdB4NE":{"registrationId":927006861,"currentRatchet":{"ephemeralKeyPair":{"pubKey":"BfFkpzWGREvlW2ZmGx4Aa5I1hdfqdhcPDVQGjYeoTgR+","privKey":"QOfUjAjfm7ISh3d7rTsfHy9nmiXhqjNcnkMYaAvXBEc="},"lastRemoteEphemeralKey":"Ba5khVZluOm4RjOaKcho/SuEaKvgv9VfSvJFY6j0zCp1","previousCounter":0,"rootKey":"vh86lrQwk+1mAoIDuuQlq/3/fBA845cRE2NnDjXWCuA="},"indexInfo":{"baseKey":"BQqMi6KXW10b6Nj/oxFA9B5OFouuvtZC1KuYJwtdB4NE","baseKeyType":1,"closed":-1,"used":1770580234655,"created":1770580234655,"remoteIdentityKey":"BbLSkoZ0YzBmUTOz7Y3LXD4vSl048ukev8wo4Wt738A+"},"_chains":{"BfFkpzWGREvlW2ZmGx4Aa5I1hdfqdhcPDVQGjYeoTgR+":{"chainKey":{"counter":0,"key":"LP1nEvZqnT6+3kuofYO45rfT5o2LpNzijZubcP/DGyQ="},"chainType":1,"messageKeys":{}}},"pendingPreKey":{"signedKeyId":4681607,"baseKey":"BQqMi6KXW10b6Nj/oxFA9B5OFouuvtZC1KuYJwtdB4NE","preKeyId":10907229}}},"version":"v1"}