{"_sessions":{"BaqMkHvGK5JdxZQH27CWmPDPk9olVckTSHqpFMJ+P5sg":{"registrationId":1057199642,"currentRatchet":{"ephemeralKeyPair":{"pubKey":"BfKDvLeP3JOBJw1UDt0wTaSdJhvU+raXGMB4+sCaO28P","privKey":"wO95AoXpYvk5PJmegUU7CNM74vSkm9Dk0jqAU6olV1s="},"lastRemoteEphemeralKey":"BfS3H0Z7Jhh8hCHeLnLwP1E9X4PurnMgeGaQRFpMgbYy","previousCounter":0,"rootKey":"f8bZLc2SufPLPQ07Wk77XYttLFHFPfFHg9ZMlgw8g0k="},"indexInfo":{"baseKey":"BaqMkHvGK5JdxZQH27CWmPDPk9olVckTSHqpFMJ+P5sg","baseKeyType":1,"closed":-1,"used":1770580233960,"created":1770580233960,"remoteIdentityKey":"BUpmkO+qxOaNX2MTg3wZDHAZ5z2nAhia3HtEnp4d834l"},"_chains":{"BfKDvLeP3JOBJw1UDt0wTaSdJhvU+raXGMB4+sCaO28P":{"chainKey":{"counter":0,"key":"6JW41qPXLdI22QWt8ctsIQr0v/OZlEHQ14cVyyZosk4="},"chainType":1,"messageKeys":{}}},"pendingPreKey":{"signedKeyId":5236334,"baseKey":"BaqMkHvGK5JdxZQH27CWmPDPk9olVckTSHqpFMJ+P5sg","preKeyId":14746153}}},"version":"v1"}