{"_sessions":{"BTGWLWZoJqZfjx7KyOhZqbe6N8Lodn/dUaM5aC/YAssp":{"registrationId":67,"currentRatchet":{"ephemeralKeyPair":{"pubKey":"Bd4o+Wr8qvrMr7cWo3vu8jeV6iRL4mNEZq2RNv7h165r","privKey":"mG5jYyLHFd89tUpkpBLrpy4YVJFQQUiJpYxkuJXpLFM="},"lastRemoteEphemeralKey":"BTFrda7KQuIMaxkrGaQTXc1Id8o33+t+1/fNbMe5uYAf","previousCounter":0,"rootKey":"Jyg7Cqu5kCWsTkviVt9v8ni1aCKGhIyWHbbQZaHVj5g="},"indexInfo":{"baseKey":"BTGWLWZoJqZfjx7KyOhZqbe6N8Lodn/dUaM5aC/YAssp","baseKeyType":1,"closed":-1,"used":1770580234657,"created":1770580234657,"remoteIdentityKey":"BdlNcO9GMUyRbD7B+sJZ2MG3AO1FmmTqpmxI7X05pEBH"},"_chains":{"Bd4o+Wr8qvrMr7cWo3vu8jeV6iRL4mNEZq2RNv7h165r":{"chainKey":{"counter":0,"key":"1vNUSniYukMSKI7H2dWZ3/YfMyWmZ85jNdWh4sYDMuo="},"chainType":1,"messageKeys":{}}},"pendingPreKey":{"signedKeyId":1,"baseKey":"BTGWLWZoJqZfjx7KyOhZqbe6N8Lodn/dUaM5aC/YAssp","preKeyId":8}}},"version":"v1"}