{"_sessions":{"BZVbN7l+lS95x9pzWvXiZi6FclBnl+9BndVcOc5XE8RF":{"registrationId":1659463815,"currentRatchet":{"ephemeralKeyPair":{"pubKey":"BfWt4pKdeuDR/W6hz3zeN55I/fqGC1nNM8SnIScLBCIw","privKey":"eGU6JZbzn9PzEKfO4bUF8q+m3iXhG0fZcaKNkQNql0c="},"lastRemoteEphemeralKey":"BVTpoCNmIk19amuJ8Ns4eJytZIskpR7BmECWCoSAr8ZL","previousCounter":0,"rootKey":"djtFei4vkaM7E0cCSYXZ4Oxf5QY1gifgxf9z8sauzdQ="},"indexInfo":{"baseKey":"BZVbN7l+lS95x9pzWvXiZi6FclBnl+9BndVcOc5XE8RF","baseKeyType":1,"closed":-1,"used":1770580234275,"created":1770580234275,"remoteIdentityKey":"Benm3YlgQUMxeQPN2oOd2Em2zIQoBedPrsS5c8Nh7k5Y"},"_chains":{"BfWt4pKdeuDR/W6hz3zeN55I/fqGC1nNM8SnIScLBCIw":{"chainKey":{"counter":0,"key":"urB1UZXC70w4Jlz9W3dKGMxlO9GSnybPZ/0eFmZxOZ0="},"chainType":1,"messageKeys":{}}},"pendingPreKey":{"signedKeyId":14974312,"baseKey":"BZVbN7l+lS95x9pzWvXiZi6FclBnl+9BndVcOc5XE8RF","preKeyId":13669308}}},"version":"v1"}