{"_sessions":{"Ba3OwxPZijL90f4xm6qMDHmpniovIhmOQXsC/hOMD+IX":{"registrationId":1210770489,"currentRatchet":{"ephemeralKeyPair":{"pubKey":"BZCLhJFNKVF8alLsqu5DQ2Yjcrap/BklweIBdtwsrk0G","privKey":"0Ln0WbDP3tLdRi4h2u+R9o6bw2qSrVfOkP9nUCLvDm4="},"lastRemoteEphemeralKey":"BQoM3eMMZnKA8iU9syCdNoAXsubDLZZ7oMaz863rkLR7","previousCounter":0,"rootKey":"cyjgMZhCfROvOA+vAK1g03g1GFbJDYLfkVG7HVAYdd4="},"indexInfo":{"baseKey":"Ba3OwxPZijL90f4xm6qMDHmpniovIhmOQXsC/hOMD+IX","baseKeyType":1,"closed":-1,"used":1770580234077,"created":1770580234077,"remoteIdentityKey":"BbB6FbzcC2deJ58vZu9ft+ZIy9/Stp/bulFlwUKOhvp1"},"_chains":{"BZCLhJFNKVF8alLsqu5DQ2Yjcrap/BklweIBdtwsrk0G":{"chainKey":{"counter":0,"key":"XhGyK9DG4STuwI7aRhSCBO7FPaRBc2cP0UF+vwGiT6Q="},"chainType":1,"messageKeys":{}}},"pendingPreKey":{"signedKeyId":4931276,"baseKey":"Ba3OwxPZijL90f4xm6qMDHmpniovIhmOQXsC/hOMD+IX","preKeyId":15457203}}},"version":"v1"}