{"_sessions":{"BaQ4qMCPOm0p1BibuOj2ofUvio4AS3aFa6xs0NfKAbpd":{"registrationId":1245600629,"currentRatchet":{"ephemeralKeyPair":{"pubKey":"BRTP609cwjqbsKSoEiynKLprhlXWobOUMpekBaSrj2J0","privKey":"wPEv6piHjn237rvioEVnULwoQV4i4eTYDJ5LYYCpcUw="},"lastRemoteEphemeralKey":"Bf6ygYO3ykxy0E3MRsQrbQTFwvotphm2ieuduGo7u7F1","previousCounter":0,"rootKey":"O7tRulhkz6Q9ioZbGyX3pBqp9/q8rsFgEENdEKdvhac="},"indexInfo":{"baseKey":"BaQ4qMCPOm0p1BibuOj2ofUvio4AS3aFa6xs0NfKAbpd","baseKeyType":1,"closed":-1,"used":1770580234170,"created":1770580234170,"remoteIdentityKey":"BczyX0nnKvPyc+m5uDWEhIP7nBewk/tLXubcEtD5Y4NU"},"_chains":{"BRTP609cwjqbsKSoEiynKLprhlXWobOUMpekBaSrj2J0":{"chainKey":{"counter":0,"key":"zX/hsntg/Fmzf86b17IQSmPzb5WgsEYpJMai5F/9bAo="},"chainType":1,"messageKeys":{}}},"pendingPreKey":{"signedKeyId":15406342,"baseKey":"BaQ4qMCPOm0p1BibuOj2ofUvio4AS3aFa6xs0NfKAbpd","preKeyId":5545155}}},"version":"v1"}