{"_sessions":{"BVALy+OlavKkqRuwl2p+dHJK9YckVlky8kPXL21cPbE+":{"registrationId":1197557279,"currentRatchet":{"ephemeralKeyPair":{"pubKey":"Bf89tFJOYzqU5Nxqjdl9i0mfH1ss15jR7dttxYZ6Kw94","privKey":"2BH97LWcyaxhaSesBtQsJIwVSd6PLVNmwvf/rlGsr2s="},"lastRemoteEphemeralKey":"Be6sLtX2GsizFHe6JlCshf4IgTM1Zb9+Apq+lPrdLIVq","previousCounter":0,"rootKey":"lbGG9e1HnTpr/lsDYs6KM5jgTGktteffQKNtqxpfqwk="},"indexInfo":{"baseKey":"BVALy+OlavKkqRuwl2p+dHJK9YckVlky8kPXL21cPbE+","baseKeyType":1,"closed":-1,"used":1770580234652,"created":1770580234652,"remoteIdentityKey":"BccZV3FSLSrB4N7GaznsCYNIxOBsyNM3jFXbmk9ocYUR"},"_chains":{"Bf89tFJOYzqU5Nxqjdl9i0mfH1ss15jR7dttxYZ6Kw94":{"chainKey":{"counter":0,"key":"wJatfsXDQTqb+dWQGtgUhljot9KX7ScwRgcF8XjikmQ="},"chainType":1,"messageKeys":{}}},"pendingPreKey":{"signedKeyId":15299884,"baseKey":"BVALy+OlavKkqRuwl2p+dHJK9YckVlky8kPXL21cPbE+","preKeyId":8398831}}},"version":"v1"}