{"_sessions":{"BQPNF8HPQxtT3SJms/ut2AW45wVfR91FDAxqPgn+rj9N":{"registrationId":157,"currentRatchet":{"ephemeralKeyPair":{"pubKey":"BUgKGffE2OrR5YcFH2mHTqUybhneYirWHL9YoCWSEgxm","privKey":"2FklGyHFAZr3OrEaBj9Pt/TrKRHsv+fNc4k0M7/GGW8="},"lastRemoteEphemeralKey":"BVeeUNxAXhu7b9Em/YZXDqe6fbhbwS1clFoe9FcPP88b","previousCounter":0,"rootKey":"zrWGnisH6bUUBVB97Uoxbhk4cA5Fd0ITtjsnaz1xiC4="},"indexInfo":{"baseKey":"BQPNF8HPQxtT3SJms/ut2AW45wVfR91FDAxqPgn+rj9N","baseKeyType":1,"closed":-1,"used":1770580234576,"created":1770580234576,"remoteIdentityKey":"BXR2B+PQ8ky5FWVLrbJ1IZzhFgcEXdJILFFLpGqjMP86"},"_chains":{"BUgKGffE2OrR5YcFH2mHTqUybhneYirWHL9YoCWSEgxm":{"chainKey":{"counter":0,"key":"ps22mywOElFZDYTFOzVfGJiSC04xuzHvza3bU2fRma0="},"chainType":1,"messageKeys":{}}},"pendingPreKey":{"signedKeyId":1,"baseKey":"BQPNF8HPQxtT3SJms/ut2AW45wVfR91FDAxqPgn+rj9N"}}},"version":"v1"}