{"_sessions":{"BZEKycAFOSzzhFMFNQigpgcwbwWdHj0208V6ShwfZfZX":{"registrationId":657,"currentRatchet":{"ephemeralKeyPair":{"pubKey":"BfTEaq/kT8pGYHIJV9Jx694A/b9cMm4ya2RtFY0wo5ge","privKey":"KP4RHNSTTP0TzG5gkBuPaRgzKLHUOgD482UM2SVI904="},"lastRemoteEphemeralKey":"BQW4XmVtec1ACxP9ZI4YisSLS1tG5PDWKKr/d1i7ASsX","previousCounter":0,"rootKey":"mV0+XOUut6+qWDZjQLR41w4ndQ9I4qPixvesHhtJuXE="},"indexInfo":{"baseKey":"BZEKycAFOSzzhFMFNQigpgcwbwWdHj0208V6ShwfZfZX","baseKeyType":1,"closed":-1,"used":1770580234658,"created":1770580234658,"remoteIdentityKey":"BZrfWv1O8xWIClIJ4votK4FrlYew9ymOGwuTDV8YFCw1"},"_chains":{"BfTEaq/kT8pGYHIJV9Jx694A/b9cMm4ya2RtFY0wo5ge":{"chainKey":{"counter":0,"key":"nX/9aJswwBykdCt0/6ExBM8CkpSATVH35nWosdBoZbI="},"chainType":1,"messageKeys":{}}},"pendingPreKey":{"signedKeyId":1,"baseKey":"BZEKycAFOSzzhFMFNQigpgcwbwWdHj0208V6ShwfZfZX","preKeyId":398}}},"version":"v1"}