{"_sessions":{"BUSxTLOHv3DkgTsazNJlRo814M+mQQe315kn1ya6DUUj":{"registrationId":2079822689,"currentRatchet":{"ephemeralKeyPair":{"pubKey":"BZXENE9KZOfd2VslrEeomzk7f0DR9yNlg2BcwGofoxRs","privKey":"CB+aeKFzERidw8UNZT5RoyP5RRiXfK2mZ60Cy7hEIHM="},"lastRemoteEphemeralKey":"Ba0a4GtcxFuLBhWYRBU0I6+LQap0b4duXiGlJPvk1014","previousCounter":0,"rootKey":"++xpvqylur2AILmjdwq0vq24XVVLz2VtmqZoqoPskpw="},"indexInfo":{"baseKey":"BUSxTLOHv3DkgTsazNJlRo814M+mQQe315kn1ya6DUUj","baseKeyType":1,"closed":-1,"used":1770580234577,"created":1770580234577,"remoteIdentityKey":"BbtGmj/RU2c5oHIggWIbceYWNkrXrfelOkjTcASE/FkZ"},"_chains":{"BZXENE9KZOfd2VslrEeomzk7f0DR9yNlg2BcwGofoxRs":{"chainKey":{"counter":0,"key":"e+v6ehEyyWyl5V13CoZHvf2acpcHwaJGZuuv7Wf3uZo="},"chainType":1,"messageKeys":{}}},"pendingPreKey":{"signedKeyId":6316768,"baseKey":"BUSxTLOHv3DkgTsazNJlRo814M+mQQe315kn1ya6DUUj","preKeyId":10138561}}},"version":"v1"}