{"_sessions":{"BSPJTMJ+N2AVRq7gaJJiGLMC90tGfxu3lZTYklkfi9Vb":{"registrationId":111371949,"currentRatchet":{"ephemeralKeyPair":{"pubKey":"Bb5WXn/INADlCHU7XPyQSValRpdnWpsaYaRdZj5Z1Dh8","privKey":"QG4i8VCTAs7cu5JCAAoFrOvYJ+QQXsQEykQAVfoVSW8="},"lastRemoteEphemeralKey":"BeYXhhUtGADo2DFkqyznTaZrrYhzCwM+3jBK6aS/l4EV","previousCounter":0,"rootKey":"sZ9QD5cgZFu08/jv3VhAOTNA15ZX99YkPe0ZMI2YKIw="},"indexInfo":{"baseKey":"BSPJTMJ+N2AVRq7gaJJiGLMC90tGfxu3lZTYklkfi9Vb","baseKeyType":1,"closed":-1,"used":1770580234273,"created":1770580234273,"remoteIdentityKey":"BYcZza/V1siBCSzmvu/u+ogQWc1Y8cqMpJQDqcUtVLww"},"_chains":{"Bb5WXn/INADlCHU7XPyQSValRpdnWpsaYaRdZj5Z1Dh8":{"chainKey":{"counter":0,"key":"h/vUlptxvATzKdkUxCATMq3zA6sPsFf85uvMUDeuolI="},"chainType":1,"messageKeys":{}}},"pendingPreKey":{"signedKeyId":8457818,"baseKey":"BSPJTMJ+N2AVRq7gaJJiGLMC90tGfxu3lZTYklkfi9Vb","preKeyId":13154494}}},"version":"v1"}