{"_sessions":{"BYGfpDQxtCiyUzRcNXrLYP+zrhGRkN+XAHZIBhVEzuMI":{"registrationId":674332312,"currentRatchet":{"ephemeralKeyPair":{"pubKey":"BZcwMVkLnaOAR9wrQbZNs7sUKENjs2h6q45ZQeTLdCUH","privKey":"aCgq6dA/d8YVqji0tkLUIqcCXwgbcvsGOP39/UajnVE="},"lastRemoteEphemeralKey":"BfGjbJZ+uaV/MMdMU+DeITturzMpvvSth6icy9acEnds","previousCounter":0,"rootKey":"WMjRQb0pRVbMZ5qTRzdABNV+C/hmxUL/lNeDIY9tHT8="},"indexInfo":{"baseKey":"BYGfpDQxtCiyUzRcNXrLYP+zrhGRkN+XAHZIBhVEzuMI","baseKeyType":1,"closed":-1,"used":1770580234268,"created":1770580234268,"remoteIdentityKey":"Bbdmf1bUcHKq4wmzxbR3VzjRacS3nEnXYYlgGIqdTS4U"},"_chains":{"BZcwMVkLnaOAR9wrQbZNs7sUKENjs2h6q45ZQeTLdCUH":{"chainKey":{"counter":0,"key":"+jjcAVw21JAAgSuCXbLeRUHFe+CjofrPjvovoKMh9GY="},"chainType":1,"messageKeys":{}}},"pendingPreKey":{"signedKeyId":14736199,"baseKey":"BYGfpDQxtCiyUzRcNXrLYP+zrhGRkN+XAHZIBhVEzuMI","preKeyId":7478922}}},"version":"v1"}