{"_sessions":{"BQdEpmFrzI1QUeWm2SI198hz0IYUB1F/6ZEhOrTDjocB":{"registrationId":878791066,"currentRatchet":{"ephemeralKeyPair":{"pubKey":"BRIwKsTuAro257by/kRdP8kRfrZ3ZnAGsm9ifXf1lata","privKey":"KEyjTFBvGtZNyYmr9GQAc6+2ms9BNtvl+tPeKEBIoWM="},"lastRemoteEphemeralKey":"BWYfjhkK0obn+keOFNKwgJMWkBMcPk3AVjLDJAYkFMIy","previousCounter":0,"rootKey":"mjAT7FRn7ZwnUvb2CvQwN+wNCgw9tAiOt8lyllEYfus="},"indexInfo":{"baseKey":"BQdEpmFrzI1QUeWm2SI198hz0IYUB1F/6ZEhOrTDjocB","baseKeyType":1,"closed":-1,"used":1770580234157,"created":1770580234157,"remoteIdentityKey":"BYB1DWjBKW0jnoJO5tGabqFrkKn+4814oJDiNMDFobB2"},"_chains":{"BRIwKsTuAro257by/kRdP8kRfrZ3ZnAGsm9ifXf1lata":{"chainKey":{"counter":0,"key":"mbQFvRTWO1ZP7RSHgAJiwbwlzCipQB2ROVChJXJhzpU="},"chainType":1,"messageKeys":{}}},"pendingPreKey":{"signedKeyId":15134603,"baseKey":"BQdEpmFrzI1QUeWm2SI198hz0IYUB1F/6ZEhOrTDjocB","preKeyId":6013571}}},"version":"v1"}