{"_sessions":{"BaV6wnwfCHUUV2iw9S1pGpu8Elxr1RsXcBCfVXBnxPBv":{"registrationId":731356679,"currentRatchet":{"ephemeralKeyPair":{"pubKey":"BUo0iIgfgrzgfFTdKsAT7GARyH1uMAcyGwMYqZyPMyFv","privKey":"cGJcp/woeso8fdgN4u2URrJranENJUz5wEYEldoo/X0="},"lastRemoteEphemeralKey":"BYS1AwvFq13BCCjmX5DpnrhnJ4s49fkc4s5aPuNaJxQn","previousCounter":0,"rootKey":"1uV9eAYcOtleJw8QGJpwbrtLrYzT8TNgG9nE3StxpwM="},"indexInfo":{"baseKey":"BaV6wnwfCHUUV2iw9S1pGpu8Elxr1RsXcBCfVXBnxPBv","baseKeyType":1,"closed":-1,"used":1770580234160,"created":1770580234160,"remoteIdentityKey":"BSbNTuyF3tOLf61MC9MdExu/4XOeoRqMaGFxYPUShUUa"},"_chains":{"BUo0iIgfgrzgfFTdKsAT7GARyH1uMAcyGwMYqZyPMyFv":{"chainKey":{"counter":0,"key":"EESUGwCFO2B+k0zbrwK5PgVDStkKnaXtM3av6g7FKPQ="},"chainType":1,"messageKeys":{}}},"pendingPreKey":{"signedKeyId":13485531,"baseKey":"BaV6wnwfCHUUV2iw9S1pGpu8Elxr1RsXcBCfVXBnxPBv","preKeyId":3595764}}},"version":"v1"}