{"_sessions":{"BbXCja7fqt50z4+xpquwNUrkE36KRvQCtSJErMLoR+YY":{"registrationId":1268521394,"currentRatchet":{"ephemeralKeyPair":{"pubKey":"BWtXNquofO/t+ZIdSuoup3TORaU1MWeYAReqBEVaE1Yn","privKey":"eBO7W23GkEykddm83BG74UqtUDkcPOTTLM055fN4J1s="},"lastRemoteEphemeralKey":"BfP2vt/1RU9PzN1we6bQhCf3cJ2NEKJrhjj5AJKnjSRZ","previousCounter":0,"rootKey":"TKSrNtjq0BWvkZTI/w+HLZSxu+MtG/4jYEt5h8iztoo="},"indexInfo":{"baseKey":"BbXCja7fqt50z4+xpquwNUrkE36KRvQCtSJErMLoR+YY","baseKeyType":1,"closed":-1,"used":1770580234661,"created":1770580234661,"remoteIdentityKey":"BXGE4YWcRf1U2hO9n7oWxaWKEdVvVcqGRGQEx0ydhqd8"},"_chains":{"BWtXNquofO/t+ZIdSuoup3TORaU1MWeYAReqBEVaE1Yn":{"chainKey":{"counter":0,"key":"QMc+5CDuyY7WhbXb/dl35j6vlPn9j4glY9eS0An7tf4="},"chainType":1,"messageKeys":{}}},"pendingPreKey":{"signedKeyId":14081706,"baseKey":"BbXCja7fqt50z4+xpquwNUrkE36KRvQCtSJErMLoR+YY","preKeyId":13175628}}},"version":"v1"}