{"_sessions":{"BTHeY0lPQMz5NWf1GjPBX+bw3uwQUahbYm+sNUArD/FK":{"registrationId":1057850714,"currentRatchet":{"ephemeralKeyPair":{"pubKey":"BaFRWc+O9i0m6O+FqDcZ//8Nmccm+iCS9Dfz9SHGl5EU","privKey":"eHk+crh0eRypeMS/2w61Uatko/vXydHIsLILg5ms8GQ="},"lastRemoteEphemeralKey":"BWobpRvnvxuC9mSwSdb93ZuQsED4GDCglTjytQGLN1A+","previousCounter":0,"rootKey":"1q8y9Lv2fZ4RmMxfE07yE+GnhS9ULOO2EtwyLYC7F1M="},"indexInfo":{"baseKey":"BTHeY0lPQMz5NWf1GjPBX+bw3uwQUahbYm+sNUArD/FK","baseKeyType":1,"closed":-1,"used":1770580234456,"created":1770580234456,"remoteIdentityKey":"BePRNIfOWEur472cHhY5mrLfk1vU3BoqfZThizU1IMwT"},"_chains":{"BaFRWc+O9i0m6O+FqDcZ//8Nmccm+iCS9Dfz9SHGl5EU":{"chainKey":{"counter":0,"key":"GwQgb6r8ix+ROIfLVtHqt9WEVHq4yfqVheuJDLRSWUA="},"chainType":1,"messageKeys":{}}},"pendingPreKey":{"signedKeyId":3026770,"baseKey":"BTHeY0lPQMz5NWf1GjPBX+bw3uwQUahbYm+sNUArD/FK","preKeyId":16615953}}},"version":"v1"}