{"_sessions":{"BRuuY4x3Y7Q/phzmX7KmHNRiREl5/7cuScG2nZ69YhFq":{"registrationId":1731084920,"currentRatchet":{"ephemeralKeyPair":{"pubKey":"BYAyqA+DSL4dGwl/ViamhqETFZjYBKL+Gt1boyr6TRwx","privKey":"4AKX0Udup0b0mfh/7FK/h/MyTVfZ+iBXdLEBJnUROkw="},"lastRemoteEphemeralKey":"BZ54x3PRc2DG4xkughdzQoOE8iP36kmv9zfO4yZ7ILMp","previousCounter":0,"rootKey":"bqNazP4vlarD+tsBdxqtVnSkuiaElQvOVDB+gXqTn2c="},"indexInfo":{"baseKey":"BRuuY4x3Y7Q/phzmX7KmHNRiREl5/7cuScG2nZ69YhFq","baseKeyType":1,"closed":-1,"used":1770580234277,"created":1770580234277,"remoteIdentityKey":"BaRdhMVBWN/fc0Zf0G7z7s5o7hAwZ9tt/6lLEMXvBkQ5"},"_chains":{"BYAyqA+DSL4dGwl/ViamhqETFZjYBKL+Gt1boyr6TRwx":{"chainKey":{"counter":0,"key":"zyzmW+gXQ/R9CI8/4lM7F+27E+FnVhmw5C4TBEnPZ4E="},"chainType":1,"messageKeys":{}}},"pendingPreKey":{"signedKeyId":7883461,"baseKey":"BRuuY4x3Y7Q/phzmX7KmHNRiREl5/7cuScG2nZ69YhFq","preKeyId":11251779}}},"version":"v1"}