{"_sessions":{"BT+fHX2ImSB1m36+dmpx3qheehbEW4KLrA6LTgs2SJ9U":{"registrationId":240,"currentRatchet":{"ephemeralKeyPair":{"pubKey":"Bby9Z/5jNakWYUZ+vpscptJx03vSQl9Mo0ltfTCbRU5x","privKey":"uNnI2YpLGT9T1aFcEfMwDi5b8m1P9ayMIRZ91us0Vlw="},"lastRemoteEphemeralKey":"BZubS7SAk+5YUiTLuyd1hUW1yadoGRXtRObTMljHm2U1","previousCounter":0,"rootKey":"U4x58zBFHsjMf69h9jHKPASSd4VqPITCf0snOd47dCE="},"indexInfo":{"baseKey":"BT+fHX2ImSB1m36+dmpx3qheehbEW4KLrA6LTgs2SJ9U","baseKeyType":1,"closed":-1,"used":1770580234574,"created":1770580234574,"remoteIdentityKey":"BYxvlp3WSPhJ/jp/FzAgNQ5ve8SzljDoSDu7gvmpw0wt"},"_chains":{"Bby9Z/5jNakWYUZ+vpscptJx03vSQl9Mo0ltfTCbRU5x":{"chainKey":{"counter":0,"key":"J9j3jv+sIPcDTjlPl4q+9oOduq+RzyNjJJjijbkI198="},"chainType":1,"messageKeys":{}}},"pendingPreKey":{"signedKeyId":1,"baseKey":"BT+fHX2ImSB1m36+dmpx3qheehbEW4KLrA6LTgs2SJ9U"}}},"version":"v1"}