{"_sessions":{"BUe1hRO8fAJ2PuBegLVuwTdwTS5tUNZ3IRKlBmtuOMQo":{"registrationId":1859072025,"currentRatchet":{"ephemeralKeyPair":{"pubKey":"BVLBxRB3ktyf1gDotrMKs1+a3tARRMrMir4dsr1kM1Mp","privKey":"IFZO/lT95JLoN8TfZ9PsMT3cNVTJgQrXAhaKiHTv738="},"lastRemoteEphemeralKey":"BciDBKwkeVEsmnXZj8le4vscqiwulWJHRGI6rkxqPl5x","previousCounter":0,"rootKey":"F6cNlrcOEbQgMeiyFtm7Stwo7xylAUU5msL1/DrPRbY="},"indexInfo":{"baseKey":"BUe1hRO8fAJ2PuBegLVuwTdwTS5tUNZ3IRKlBmtuOMQo","baseKeyType":1,"closed":-1,"used":1770580233866,"created":1770580233866,"remoteIdentityKey":"BXNeiQw4jpYRqlvpH+Z6SvvEvsLGJIize0EPuNW/a3Ep"},"_chains":{"BVLBxRB3ktyf1gDotrMKs1+a3tARRMrMir4dsr1kM1Mp":{"chainKey":{"counter":0,"key":"Smk0rui5J+URrsCXbFPeOn1t7wSyOAx7+Z7t/xE7dWA="},"chainType":1,"messageKeys":{}}},"pendingPreKey":{"signedKeyId":8965921,"baseKey":"BUe1hRO8fAJ2PuBegLVuwTdwTS5tUNZ3IRKlBmtuOMQo","preKeyId":10001282}}},"version":"v1"}