{"_sessions":{"BW9EITdksuqM81IIw17ACpMbzG39xAX4umZ0y4adingJ":{"registrationId":935082223,"currentRatchet":{"ephemeralKeyPair":{"pubKey":"Bb93EXoSIAg9zmKBwJKfDKaRTIXGl4ec9HptExn6cVAJ","privKey":"yPmYIe49Y21Lni/tZvPeT0cd8dz3M9/yrgtdq7w+51k="},"lastRemoteEphemeralKey":"BcOvzs4o5krfpEBgpelFe7fJamgFXzbQAq23VnKTprFF","previousCounter":0,"rootKey":"akCm3fys7nyEYOmKLkfkYnTzkgd55L35pkLifOnOZo8="},"indexInfo":{"baseKey":"BW9EITdksuqM81IIw17ACpMbzG39xAX4umZ0y4adingJ","baseKeyType":1,"closed":-1,"used":1770580233779,"created":1770580233779,"remoteIdentityKey":"BRqatJq1NPEiD+5UP8p13S3UTlV0CC2eKNbJaC4NII9i"},"_chains":{"Bb93EXoSIAg9zmKBwJKfDKaRTIXGl4ec9HptExn6cVAJ":{"chainKey":{"counter":0,"key":"MzBwb9tw2IReISICHm8R1G/egbA7NtohQZclBthdHYk="},"chainType":1,"messageKeys":{}}},"pendingPreKey":{"signedKeyId":10518433,"baseKey":"BW9EITdksuqM81IIw17ACpMbzG39xAX4umZ0y4adingJ","preKeyId":9566243}}},"version":"v1"}