{"_sessions":{"BXTlSDeKIGvl7CMxelm9QAEG3Elc71Gx/SkMPXf/e8Bh":{"registrationId":673451674,"currentRatchet":{"ephemeralKeyPair":{"pubKey":"BfYa5tcMR3dAZrCggqqbDa9fuRSrPOSIqtEG0Yse6z1r","privKey":"mGEAkPY4+fBgl5sWemkRH44lJGEPf1tXiKXc/CTUrlI="},"lastRemoteEphemeralKey":"BQ6L/OJmn6UcSyBFMMhLXKlGeLrw8tAoNGqihWbmAERV","previousCounter":0,"rootKey":"R9JJ9SBx4KUpWKoR6PqXNo7gaSXFBsbgsbfJQmhJ5zU="},"indexInfo":{"baseKey":"BXTlSDeKIGvl7CMxelm9QAEG3Elc71Gx/SkMPXf/e8Bh","baseKeyType":1,"closed":-1,"used":1770580234176,"created":1770580234176,"remoteIdentityKey":"BZQVyJ5Vt9QxADxrDN6AOO74UNBhWOYkd0h/rD0Y8PAq"},"_chains":{"BfYa5tcMR3dAZrCggqqbDa9fuRSrPOSIqtEG0Yse6z1r":{"chainKey":{"counter":0,"key":"OTRlJwOEe/e9FA5pvsAnmOEZkNRFHjd67Wf3XOzTzqA="},"chainType":1,"messageKeys":{}}},"pendingPreKey":{"signedKeyId":15089449,"baseKey":"BXTlSDeKIGvl7CMxelm9QAEG3Elc71Gx/SkMPXf/e8Bh","preKeyId":7824315}}},"version":"v1"}