{"_sessions":{"Bfr/S8nQWP7GLVPNr0ovBcXOOFsXweo60NhJnpjk7mAr":{"registrationId":1039224914,"currentRatchet":{"ephemeralKeyPair":{"pubKey":"BWIOtC9eo4hq9QVJqaKh502nzganQBVkSABpHsEtNUw7","privKey":"UM4VHfo/dDHHvicNtQ1OBFaZVDVJjwMM3Y1FJcp84G8="},"lastRemoteEphemeralKey":"BXd395q8XSHo28KADLqJZPVKq1SGH8wmvP/HGjAQfAFO","previousCounter":0,"rootKey":"536ldfz+eVIQy9Go1PgiEHXOz0XA96CD/t4XPpQetZU="},"indexInfo":{"baseKey":"Bfr/S8nQWP7GLVPNr0ovBcXOOFsXweo60NhJnpjk7mAr","baseKeyType":1,"closed":-1,"used":1770580233961,"created":1770580233961,"remoteIdentityKey":"BVnMG9WrdaIPOE/mZjYwWMDonn1cT1qGhP/hbwLNeT10"},"_chains":{"BWIOtC9eo4hq9QVJqaKh502nzganQBVkSABpHsEtNUw7":{"chainKey":{"counter":0,"key":"gIvyveDy7iU1sj4Y9aY/SPYzIf68p2NU/RlYwqqXOlg="},"chainType":1,"messageKeys":{}}},"pendingPreKey":{"signedKeyId":16254949,"baseKey":"Bfr/S8nQWP7GLVPNr0ovBcXOOFsXweo60NhJnpjk7mAr","preKeyId":9319711}}},"version":"v1"}