{"_sessions":{"BaPisDV82E1QpKzQbjiqGrIoJoERbro/1KvhbP372A0Q":{"registrationId":737944913,"currentRatchet":{"ephemeralKeyPair":{"pubKey":"BbWKt8DrvcqNQEY0gTYc2AujC7rJvT4eld7fUSFKz4c6","privKey":"gAaDjUigooOQf5MlmM1f2jTTgIt0x2/vU4HxRAPd30k="},"lastRemoteEphemeralKey":"Be/onz6oraVg/E+spY4+AzZWxZ6Ho8JCwYZHKjanBpAp","previousCounter":0,"rootKey":"mB82y02rvMwWaa8gorLPAcsMVD+j4vAQKtY9ttPr1Uo="},"indexInfo":{"baseKey":"BaPisDV82E1QpKzQbjiqGrIoJoERbro/1KvhbP372A0Q","baseKeyType":1,"closed":-1,"used":1770580234255,"created":1770580234255,"remoteIdentityKey":"BYO2pFhu53U2WiYFPY7FpPQfAUxSGAt7t8WGBpt8Jm8h"},"_chains":{"BbWKt8DrvcqNQEY0gTYc2AujC7rJvT4eld7fUSFKz4c6":{"chainKey":{"counter":0,"key":"YOMfEndtO9gAKKj65M3ovS7f/jjbc5ZKoEcGy6q95e8="},"chainType":1,"messageKeys":{}}},"pendingPreKey":{"signedKeyId":3312062,"baseKey":"BaPisDV82E1QpKzQbjiqGrIoJoERbro/1KvhbP372A0Q","preKeyId":11196877}}},"version":"v1"}