{"_sessions":{"BTkoBwRrD8FtIyjXc5NowRr/u2NGs8uvc5AZZkQpjWdo":{"registrationId":851111810,"currentRatchet":{"ephemeralKeyPair":{"pubKey":"BW3lOWgJj+GZH4Ayta7DL/eTjMjxpTsvVmRTvjt/txwj","privKey":"QNNhJd5eRAT8jP9Z0SK7vjZsu0iztuFxFY3ZOeuRzH0="},"lastRemoteEphemeralKey":"BWzeDPSVnkVCFl8cIPaI4QfNZ75TeHvyzZAyPovr+OBf","previousCounter":0,"rootKey":"7BIJ4N4dlEMv/u0opYQP8PUj756RqnEDCLevQ1vbaKM="},"indexInfo":{"baseKey":"BTkoBwRrD8FtIyjXc5NowRr/u2NGs8uvc5AZZkQpjWdo","baseKeyType":1,"closed":-1,"used":1770580234475,"created":1770580234475,"remoteIdentityKey":"BfnHfmKxrERNJjeYPfvFnDX0b29Zb3IvstXgTSpNgB8a"},"_chains":{"BW3lOWgJj+GZH4Ayta7DL/eTjMjxpTsvVmRTvjt/txwj":{"chainKey":{"counter":0,"key":"WjG9SYCIwiBCq7DdgSc/50iiAiG4WCcxJ7RFZxNllIU="},"chainType":1,"messageKeys":{}}},"pendingPreKey":{"signedKeyId":1629664,"baseKey":"BTkoBwRrD8FtIyjXc5NowRr/u2NGs8uvc5AZZkQpjWdo","preKeyId":7956923}}},"version":"v1"}