{"_sessions":{"BX6j/Uo4D2UMfXlq26VZfo5m/rfO0PU23BL4Cu+JsAsz":{"registrationId":13234,"currentRatchet":{"ephemeralKeyPair":{"pubKey":"BautRR15qM+9xBsf/udkyyP0R2kCuvv6wM4zNI8f78c8","privKey":"wK9I0U1yVFve14kELnCQ83WXHQKNF7i0GXdDMYI/wWs="},"lastRemoteEphemeralKey":"BVAfES58o07MYRxNdqlCepD/kXbM96KtPE1VMFP8kVt/","previousCounter":0,"rootKey":"Wry7V9sl9jFDgqPE5GD48CYiHxQ0G2CgkZKgeUEzMv4="},"indexInfo":{"baseKey":"BX6j/Uo4D2UMfXlq26VZfo5m/rfO0PU23BL4Cu+JsAsz","baseKeyType":1,"closed":-1,"used":1770580234569,"created":1770580234569,"remoteIdentityKey":"Bf1+dv+aM/PXYWJUlauAa38RBeGzzkMOFN9BI8c1fdE+"},"_chains":{"BautRR15qM+9xBsf/udkyyP0R2kCuvv6wM4zNI8f78c8":{"chainKey":{"counter":0,"key":"3r+iO7krYlxWiDgTS7E0Fd9DuY0XnIUJAV3p3tUnYfg="},"chainType":1,"messageKeys":{}}},"pendingPreKey":{"signedKeyId":1,"baseKey":"BX6j/Uo4D2UMfXlq26VZfo5m/rfO0PU23BL4Cu+JsAsz","preKeyId":682}}},"version":"v1"}