{"_sessions":{"BSN3CjVW7dZqUb0X2qpPBZCeoV+/YncaCau3ADbOxzZX":{"registrationId":1859952316,"currentRatchet":{"ephemeralKeyPair":{"pubKey":"BcNsvMkEhmIHMDJmTPz5ulS3owMY4QdBHAVuXIdQMGNZ","privKey":"WJyENhGd/6XClYPtLrsQpt0Ke9Ep6JnW8pdRSfwAtUo="},"lastRemoteEphemeralKey":"BQBKjBPvh7HWMTNI4E4kaOBOtEloY9Jv9oTAvyONqQwk","previousCounter":0,"rootKey":"zGze7RQiPYrW7GyxpU2pFtT1OJcU8dOxalFp94bPbZc="},"indexInfo":{"baseKey":"BSN3CjVW7dZqUb0X2qpPBZCeoV+/YncaCau3ADbOxzZX","baseKeyType":1,"closed":-1,"used":1770580233955,"created":1770580233955,"remoteIdentityKey":"Bfm2j+gup9zQ1UdPXnt/hzwcC4CnLqnkmiCirpeANA4F"},"_chains":{"BcNsvMkEhmIHMDJmTPz5ulS3owMY4QdBHAVuXIdQMGNZ":{"chainKey":{"counter":0,"key":"u7n/LEYjimZV9dLBPKddxUHk+M6+II1oX7irW79+Y2A="},"chainType":1,"messageKeys":{}}},"pendingPreKey":{"signedKeyId":2337396,"baseKey":"BSN3CjVW7dZqUb0X2qpPBZCeoV+/YncaCau3ADbOxzZX","preKeyId":7910796}}},"version":"v1"}