{"_sessions":{"BbmsjNx2H6IK1fdpX6eCzjkbCHcOOpEj/9ZR+Xm7znYk":{"registrationId":1749211867,"currentRatchet":{"ephemeralKeyPair":{"pubKey":"BVGLKpmsuCsdw5YfI7HgGJTDNrzHbQSbIuvIy+8afSJ2","privKey":"8En3Uoo9v/HV5j6Gx0pA9vU5QjJQGpxXGWeDVlzm/Fw="},"lastRemoteEphemeralKey":"BX3fFoC2AKUxylFIjDmzxwTCUWRT5cG0+vqNl/GsvyQ/","previousCounter":0,"rootKey":"cGNLKWs9/heRPDJqnINM4InwspFw6c0+3KmWl68Hb0M="},"indexInfo":{"baseKey":"BbmsjNx2H6IK1fdpX6eCzjkbCHcOOpEj/9ZR+Xm7znYk","baseKeyType":1,"closed":-1,"used":1770580233852,"created":1770580233852,"remoteIdentityKey":"BS0UfyD+BxoMmcxUiy6Rm9ECVVOgFOgEMNwmMzSafgNr"},"_chains":{"BVGLKpmsuCsdw5YfI7HgGJTDNrzHbQSbIuvIy+8afSJ2":{"chainKey":{"counter":0,"key":"n71Tl62di2PhOt5N3xDX30ZQXuorXCj5lysWYq3/4ws="},"chainType":1,"messageKeys":{}}},"pendingPreKey":{"signedKeyId":13561763,"baseKey":"BbmsjNx2H6IK1fdpX6eCzjkbCHcOOpEj/9ZR+Xm7znYk"}}},"version":"v1"}