{"_sessions":{"Bdev1MGRD1T4FOSdaIFB2J2pLltxbJ/0tvMNk3yPqBJD":{"registrationId":1895666441,"currentRatchet":{"ephemeralKeyPair":{"pubKey":"BcqPzJKMzhazu3xwRr+P9pNKLDa+FzTV6PaR8G5iJPQv","privKey":"8KYeHA7fncDcRVcgQsrB0Bbw8SY5a8/ORFQ+JMGCCGk="},"lastRemoteEphemeralKey":"BQN6VeAjUzZ5IgekKxY1l1sgjJewYMHrhLzAVxe5mllH","previousCounter":0,"rootKey":"1W+HK9LALsSF9BEW72tOVgvbK5phQHsxdAd7KOr3MNE="},"indexInfo":{"baseKey":"Bdev1MGRD1T4FOSdaIFB2J2pLltxbJ/0tvMNk3yPqBJD","baseKeyType":1,"closed":-1,"used":1770580234463,"created":1770580234463,"remoteIdentityKey":"BXdZIUe+Qq4DlUOg9S/gfBvfJ3ZvL6DW243ScH20le0L"},"_chains":{"BcqPzJKMzhazu3xwRr+P9pNKLDa+FzTV6PaR8G5iJPQv":{"chainKey":{"counter":0,"key":"JOz0DT/YZ1VdzHwH13HrzsUmHo6GinpbdQtCSjEJDpA="},"chainType":1,"messageKeys":{}}},"pendingPreKey":{"signedKeyId":747913,"baseKey":"Bdev1MGRD1T4FOSdaIFB2J2pLltxbJ/0tvMNk3yPqBJD","preKeyId":11047427}}},"version":"v1"}