{"_sessions":{"BTqZgf0OSg1rdjasSoWF7iOT1CaE6hFG28sOD+HcnpIo":{"registrationId":169,"currentRatchet":{"ephemeralKeyPair":{"pubKey":"BfE4HCcheAwyI2CgNol00JXZ+S61JGb7YxyL93ZU3MsI","privKey":"YKDQwM/IXSkkvpmLrzXfQVuYunYrBKV2AhvqmpXexmw="},"lastRemoteEphemeralKey":"BQofteJmLv+KBX3pkgPNeEPPHfJX49isy7qZKa0sSfUb","previousCounter":0,"rootKey":"lhwkyS2xc8sFVEnVPm6Jz2BrSRfirkGPNKmLltWfVEY="},"indexInfo":{"baseKey":"BTqZgf0OSg1rdjasSoWF7iOT1CaE6hFG28sOD+HcnpIo","baseKeyType":1,"closed":1770579351259,"used":1770579333581,"created":1770579333581,"remoteIdentityKey":"BWvL70lp5SiS5NIAwnqPZVriiWSCZ6ukndML4Z3SPdhp"},"_chains":{"BfE4HCcheAwyI2CgNol00JXZ+S61JGb7YxyL93ZU3MsI":{"chainKey":{"counter":0,"key":"aCPJrgN2a8LHrooke7zd0BP6yVJ87c9kzGmT4GQwQ5s="},"chainType":1,"messageKeys":{}}},"pendingPreKey":{"signedKeyId":1,"baseKey":"BTqZgf0OSg1rdjasSoWF7iOT1CaE6hFG28sOD+HcnpIo","preKeyId":111}},"BQf0JucVU5QA9dol7HaE2GimctkVARMsfmIZq2lhl6BC":{"registrationId":169,"currentRatchet":{"ephemeralKeyPair":{"pubKey":"BQyrjFjEnzqk6fVr1CNluHldzsMRjQQ1o2++ZfcyUIQC","privKey":"iBMtuwMXtFOXX4FJy0nkaDdU6xChW/aYq6LPyDwnI2k="},"lastRemoteEphemeralKey":"BQofteJmLv+KBX3pkgPNeEPPHfJX49isy7qZKa0sSfUb","previousCounter":0,"rootKey":"xBLrQm3Bidi/4R9T9hKY58JY5wsFBL5G26Vq4ORctgs="},"indexInfo":{"baseKey":"BQf0JucVU5QA9dol7HaE2GimctkVARMsfmIZq2lhl6BC","baseKeyType":1,"closed":1770579356681,"used":1770579351259,"created":1770579351259,"remoteIdentityKey":"BWvL70lp5SiS5NIAwnqPZVriiWSCZ6ukndML4Z3SPdhp"},"_chains":{"BQyrjFjEnzqk6fVr1CNluHldzsMRjQQ1o2++ZfcyUIQC":{"chainKey":{"counter":0,"key":"VgbOT5svF2PYw67P2FLhOOyCJvGw0ct/00ZQuvIm3C4="},"chainType":1,"messageKeys":{}}},"pendingPreKey":{"signedKeyId":1,"baseKey":"BQf0JucVU5QA9dol7HaE2GimctkVARMsfmIZq2lhl6BC","preKeyId":118}},"Bd9EwuYx0UoigFwMVnqcvVsJO6tok1LyItC1+jcf1xYz":{"registrationId":169,"currentRatchet":{"ephemeralKeyPair":{"pubKey":"BbDH+UMo01ctqqoL2ndaRM/51/xgFojhf+yQRW+T5/Fd","privKey":"2D1oEIjH/Od6nR3yNWD1I3Z7ElyLlLD8m3FN8ZYfjEo="},"lastRemoteEphemeralKey":"BQofteJmLv+KBX3pkgPNeEPPHfJX49isy7qZKa0sSfUb","previousCounter":0,"rootKey":"Xn0bLnmE2qEbGpfFDR7Hkf1OV9BdNO78/j7gkmKaurE="},"indexInfo":{"baseKey":"Bd9EwuYx0UoigFwMVnqcvVsJO6tok1LyItC1+jcf1xYz","baseKeyType":1,"closed":1770579360933,"used":1770579356680,"created":1770579356680,"remoteIdentityKey":"BWvL70lp5SiS5NIAwnqPZVriiWSCZ6ukndML4Z3SPdhp"},"_chains":{"BbDH+UMo01ctqqoL2ndaRM/51/xgFojhf+yQRW+T5/Fd":{"chainKey":{"counter":0,"key":"SaDVinGnYBSC5xhGA7VQZyT1Js4/a8wiFec8sOENucY="},"chainType":1,"messageKeys":{}}},"pendingPreKey":{"signedKeyId":1,"baseKey":"Bd9EwuYx0UoigFwMVnqcvVsJO6tok1LyItC1+jcf1xYz","preKeyId":89}},"BZX861kou/wjP0SrLSOSMdqKtTCrByYiTu17by57nV5D":{"registrationId":169,"currentRatchet":{"ephemeralKeyPair":{"pubKey":"BYdVLh+hb8ZRR3/56D8/9o7CCx0GbWohwx8jNV+rWXUr","privKey":"6LSJm00gaPHa8egkYSCTXP1t3WYYZpQqpAWY5C531Fw="},"lastRemoteEphemeralKey":"BQofteJmLv+KBX3pkgPNeEPPHfJX49isy7qZKa0sSfUb","previousCounter":0,"rootKey":"daHKJEGQ6oxcg8Qxqcwi5ieXmhvyHq7zMEtHM2EMoKA="},"indexInfo":{"baseKey":"BZX861kou/wjP0SrLSOSMdqKtTCrByYiTu17by57nV5D","baseKeyType":1,"closed":-1,"used":1770579360933,"created":1770579360933,"remoteIdentityKey":"BWvL70lp5SiS5NIAwnqPZVriiWSCZ6ukndML4Z3SPdhp"},"_chains":{"BYdVLh+hb8ZRR3/56D8/9o7CCx0GbWohwx8jNV+rWXUr":{"chainKey":{"counter":18,"key":"q3HSCJSt/CC9Y7KBi56yZEUW2p6i5PLmQjfFaR295hs="},"chainType":1,"messageKeys":{}}},"pendingPreKey":{"signedKeyId":1,"baseKey":"BZX861kou/wjP0SrLSOSMdqKtTCrByYiTu17by57nV5D","preKeyId":93}}},"version":"v1"}