{"_sessions":{"BW2HD8emHUwYWTosz/QMk2LZRdUFwXExmy+qR+YTyAFp":{"registrationId":108752135,"currentRatchet":{"ephemeralKeyPair":{"pubKey":"BZwyqSBWHpgyOP6YdII+O3JfG7ZTOMCJiGutaylj+VUF","privKey":"+Lr0gfqnLRvSOe17b/APwO4wmk2BhaVr4L7sTJKyGmY="},"lastRemoteEphemeralKey":"BSCgOzYnC9pWBK1DY0ekca6GYlKFiEBLftWOZxWZIycF","previousCounter":0,"rootKey":"Mk0gS+d5sz4rhXTZmRWKyFmGUvDmA/jqrLxYzIV/Qlo="},"indexInfo":{"baseKey":"BW2HD8emHUwYWTosz/QMk2LZRdUFwXExmy+qR+YTyAFp","baseKeyType":1,"closed":-1,"used":1770580233762,"created":1770580233762,"remoteIdentityKey":"BYs3qTtnS7RwUHmyGnOL6yxBA/8dVThLJ/2+hkUDx50a"},"_chains":{"BZwyqSBWHpgyOP6YdII+O3JfG7ZTOMCJiGutaylj+VUF":{"chainKey":{"counter":0,"key":"sSfv4l5yQXCTfNIk/zMK1xVs25rC8h/S/2qSoLnv6VY="},"chainType":1,"messageKeys":{}}},"pendingPreKey":{"signedKeyId":10125992,"baseKey":"BW2HD8emHUwYWTosz/QMk2LZRdUFwXExmy+qR+YTyAFp","preKeyId":13122429}}},"version":"v1"}