{"_sessions":{"BW6E7W+OKhBwOk4mLTx+9vPZSJGdWJtFhORekrDZ860Y":{"registrationId":1826422762,"currentRatchet":{"ephemeralKeyPair":{"pubKey":"BdHJmIfgDFEkKlX430b+IIGikRVRLrYDezfCoD8tUeoC","privKey":"gGNjD5cXzGafLyGfkY6t61K/sj3G55aG1TazK3XPqX8="},"lastRemoteEphemeralKey":"BTVTsuJjXTciqwbwRbVXbv/imKFNsQgNx9b+oChKcSJO","previousCounter":0,"rootKey":"c55TdZI21F7DhCasqs1o+tLvdrJI9AJwVlkXC0S5rpk="},"indexInfo":{"baseKey":"BW6E7W+OKhBwOk4mLTx+9vPZSJGdWJtFhORekrDZ860Y","baseKeyType":1,"closed":-1,"used":1770580233967,"created":1770580233967,"remoteIdentityKey":"BbRJ7g4TuuMmHO/r6CZdj9iDjaISqG+1bXojbqADcjch"},"_chains":{"BdHJmIfgDFEkKlX430b+IIGikRVRLrYDezfCoD8tUeoC":{"chainKey":{"counter":0,"key":"HV/TecuZWu8HfbAJMdApACJ9Ud0PPLaVmb7besSXD0U="},"chainType":1,"messageKeys":{}}},"pendingPreKey":{"signedKeyId":8777055,"baseKey":"BW6E7W+OKhBwOk4mLTx+9vPZSJGdWJtFhORekrDZ860Y","preKeyId":7479832}}},"version":"v1"}