{"_sessions":{"BaLN+3nOrtUeDicHZ8tw3Taxc+S22v3t27Jjuv45/s1I":{"registrationId":1150373700,"currentRatchet":{"ephemeralKeyPair":{"pubKey":"BQgX56p6cxsHPWmeE+3BtsstyeGcqdtn5HvHGGsLBIJo","privKey":"4PW20DgTj2LNkt1FPNYenA6AcoWiOf4V8yM8ucT1lXw="},"lastRemoteEphemeralKey":"BW9aYyxhksbfAhGVQ70htiSZ5E+r+qkNFeRmfaLTe8pZ","previousCounter":0,"rootKey":"iagTkb7K0YnddJi6olnTT+TiPSHjiy9DmxMo9dBtFVw="},"indexInfo":{"baseKey":"BaLN+3nOrtUeDicHZ8tw3Taxc+S22v3t27Jjuv45/s1I","baseKeyType":1,"closed":-1,"used":1770580233858,"created":1770580233858,"remoteIdentityKey":"Bb/56xF/5wliZ8jOmgZT/bd4FypTyRqXu/MjxFYzPz5U"},"_chains":{"BQgX56p6cxsHPWmeE+3BtsstyeGcqdtn5HvHGGsLBIJo":{"chainKey":{"counter":0,"key":"WXTUBaiTEwh7is5Thq8QHxJADD1dT5YdeLYqbfqQsKk="},"chainType":1,"messageKeys":{}}},"pendingPreKey":{"signedKeyId":7434608,"baseKey":"BaLN+3nOrtUeDicHZ8tw3Taxc+S22v3t27Jjuv45/s1I","preKeyId":7738230}}},"version":"v1"}