{"_sessions":{"BcdYfKvmOYGq66I3hIR7A9kgLg3fQ4gU9ooTGtpkuMlv":{"registrationId":1486535864,"currentRatchet":{"ephemeralKeyPair":{"pubKey":"Bfh97AQWNlTOgptCijRBCmtb05ctmLE2hjZP6SYkYLFX","privKey":"CAeTqF7W4qyE/4WvxBnbEODsd4T46fn+ojRET22NWnQ="},"lastRemoteEphemeralKey":"BYA+Uysu0/N+kGvTudtahfDKtfxd0vDov1XBXMS7/dMr","previousCounter":0,"rootKey":"o4zjAO5IppbbyknC7sETT++t+1Zz4+2f0DoM4GlvhS8="},"indexInfo":{"baseKey":"BcdYfKvmOYGq66I3hIR7A9kgLg3fQ4gU9ooTGtpkuMlv","baseKeyType":1,"closed":-1,"used":1770580234375,"created":1770580234375,"remoteIdentityKey":"BTc2Kzi8QImgTcGSRzZ5ivw6xETYa7ax4Teu7T0I65Jk"},"_chains":{"Bfh97AQWNlTOgptCijRBCmtb05ctmLE2hjZP6SYkYLFX":{"chainKey":{"counter":0,"key":"7h7Vo3z0IT56gS+JQfUe0Jf3U0gR91f1z0tt7hNhjqE="},"chainType":1,"messageKeys":{}}},"pendingPreKey":{"signedKeyId":9999499,"baseKey":"BcdYfKvmOYGq66I3hIR7A9kgLg3fQ4gU9ooTGtpkuMlv","preKeyId":3672171}}},"version":"v1"}