{"_sessions":{"BdKsfuf/dNsyptd5kjZbHSyYABbFqJjhyrm4BYd1DqoY":{"registrationId":206,"currentRatchet":{"ephemeralKeyPair":{"pubKey":"BXfUwilEz0gfINXCIID5U+fiDR/E02Cj3+DLpCh0erNK","privKey":"MO8NvJ33iOgdWfyu5XtdVTvP1EyKX1ODIsz2KLRZOmA="},"lastRemoteEphemeralKey":"BbgWz24WYEEdKUOvJQu2q256v6/KPyLfvsknMkWxfuoL","previousCounter":0,"rootKey":"a0TsCiKK3US9a2fT8AR8nRt6+uXqhOLkF7s0hWWbOBE="},"indexInfo":{"baseKey":"BdKsfuf/dNsyptd5kjZbHSyYABbFqJjhyrm4BYd1DqoY","baseKeyType":1,"closed":-1,"used":1770580234572,"created":1770580234572,"remoteIdentityKey":"BXAdiTrCLQmjhsO9xb2GjrXFr+e4+SANQ88F7bB8W9JK"},"_chains":{"BXfUwilEz0gfINXCIID5U+fiDR/E02Cj3+DLpCh0erNK":{"chainKey":{"counter":0,"key":"wO0+Go1LFm/1jfwkqV2jouAmSgoOGSqtuM87fvSpzS4="},"chainType":1,"messageKeys":{}}},"pendingPreKey":{"signedKeyId":1,"baseKey":"BdKsfuf/dNsyptd5kjZbHSyYABbFqJjhyrm4BYd1DqoY","preKeyId":562}}},"version":"v1"}