{"_sessions":{"BR+QxEoVLu26+ra/8dxk9rpAXeX1w5IrADaQdYmr32B4":{"registrationId":427581088,"currentRatchet":{"ephemeralKeyPair":{"pubKey":"BSjeS6R5fLYbRAVAPBqjEe6/MhB7vKclNC5nDUwcPDw7","privKey":"0FAHndNkG+jOWq6o1WGoO3i0hZp9omLAzCCRbC6bu1E="},"lastRemoteEphemeralKey":"BaZHsp4cMtbwtxHdZYRQx6h3zgneMOIzM0qchrNgBK9S","previousCounter":0,"rootKey":"f2UuZ6dArMHDHTRtPg8jevVH2ubcVN3qBqHvR/dMJIE="},"indexInfo":{"baseKey":"BR+QxEoVLu26+ra/8dxk9rpAXeX1w5IrADaQdYmr32B4","baseKeyType":1,"closed":-1,"used":1770580234473,"created":1770580234473,"remoteIdentityKey":"BfW4KBtf8UMwz8COrJm2KywZmjTNEdO/JJiOk3DPX0hK"},"_chains":{"BSjeS6R5fLYbRAVAPBqjEe6/MhB7vKclNC5nDUwcPDw7":{"chainKey":{"counter":0,"key":"5Yqr2muanOXuEmzi4CVFgxsxEFIZVQboTApzi+agrU4="},"chainType":1,"messageKeys":{}}},"pendingPreKey":{"signedKeyId":16651710,"baseKey":"BR+QxEoVLu26+ra/8dxk9rpAXeX1w5IrADaQdYmr32B4","preKeyId":11585363}}},"version":"v1"}