{"_sessions":{"Bd90bc6pDHHnUbMCUf+RSvY82ioVPhrTD8rc1jd2KzYq":{"registrationId":519375972,"currentRatchet":{"ephemeralKeyPair":{"pubKey":"BWtg58h7Sy33HasyjBjtaRHqKwI8G18RDZcjF/f0e1pi","privKey":"MAvXJMlfukfK83lG0G6DEFPGfR/N88wBZ6rrsMiam1s="},"lastRemoteEphemeralKey":"BfeNfHs30Ub7BbXQm7PR9ZTIcwNaEeQs9bZdgOf6JGRk","previousCounter":0,"rootKey":"IUSwOVRWnbKdRGM4RqaKMQya6c0kIbe8GmLOAVfphbw="},"indexInfo":{"baseKey":"Bd90bc6pDHHnUbMCUf+RSvY82ioVPhrTD8rc1jd2KzYq","baseKeyType":1,"closed":-1,"used":1770580234064,"created":1770580234064,"remoteIdentityKey":"BRqKWq01RJbHnipxKpEYdyQLbA8NPtUTG28pK99YlCkJ"},"_chains":{"BWtg58h7Sy33HasyjBjtaRHqKwI8G18RDZcjF/f0e1pi":{"chainKey":{"counter":0,"key":"lJ1/NIj7bdXUvtDemeX5qS8SHseKoL7Fhd07M011xUo="},"chainType":1,"messageKeys":{}}},"pendingPreKey":{"signedKeyId":7507661,"baseKey":"Bd90bc6pDHHnUbMCUf+RSvY82ioVPhrTD8rc1jd2KzYq","preKeyId":10365285}}},"version":"v1"}