{"_sessions":{"BZ/vG7OfYU+L4gYAy8EqulpMx7cEov1qLkEvyethYf0O":{"registrationId":1033643801,"currentRatchet":{"ephemeralKeyPair":{"pubKey":"BRZPMsHLJWHH+Ltc0p607T251XnETtah008kD7bxybtM","privKey":"wNM5Uj/I7qpFRx/gN9jF32WsnJTSksP9O+YFA5o5rXY="},"lastRemoteEphemeralKey":"BcV/J1zNAzoAM0Hns0GCBJuECkm/IIYTVsKAQy7uOw01","previousCounter":0,"rootKey":"DE28bwH15yI5MY/vE72hb14svQexnq24P4xCd5ilu38="},"indexInfo":{"baseKey":"BZ/vG7OfYU+L4gYAy8EqulpMx7cEov1qLkEvyethYf0O","baseKeyType":1,"closed":-1,"used":1770580233963,"created":1770580233963,"remoteIdentityKey":"Bd83F0AOQZpuLVni8nB31qMVrkB/ysAsWecShiQ/YTRk"},"_chains":{"BRZPMsHLJWHH+Ltc0p607T251XnETtah008kD7bxybtM":{"chainKey":{"counter":0,"key":"fJnqWOzm9x7ZIMQ895PvbjIt4M5NUze+1Ojse2FAsHQ="},"chainType":1,"messageKeys":{}}},"pendingPreKey":{"signedKeyId":3866006,"baseKey":"BZ/vG7OfYU+L4gYAy8EqulpMx7cEov1qLkEvyethYf0O","preKeyId":7191610}}},"version":"v1"}