{"_sessions":{"BTYP3cE8wqQpLqjcajy6kXKI61Z9CEzpScXi93vd/0cV":{"registrationId":111888519,"currentRatchet":{"ephemeralKeyPair":{"pubKey":"BXMsHnoU9lBw6vcNJjyH3u+dTB6OSSMw1gTFgmyJtTx4","privKey":"YJrbAapItycOcDY/1/m3J/CC+2ktW3/Ysimo8Bfck1k="},"lastRemoteEphemeralKey":"Be5s8YiBoQESTO7R4MslUvhUfcIevNt2lxjALfENbSoR","previousCounter":0,"rootKey":"Jx6DfdmeTjJeHwnKvCHGLUd3ZVep/hM1TYrkBBOqdPs="},"indexInfo":{"baseKey":"BTYP3cE8wqQpLqjcajy6kXKI61Z9CEzpScXi93vd/0cV","baseKeyType":1,"closed":-1,"used":1770580234467,"created":1770580234467,"remoteIdentityKey":"BUaBPpgcDelNxw/eg78ThMiIoK5w+Xy2NuhiaiViDz8y"},"_chains":{"BXMsHnoU9lBw6vcNJjyH3u+dTB6OSSMw1gTFgmyJtTx4":{"chainKey":{"counter":0,"key":"52J9sTFPKG6s7hcr5iJmBtG2eYhKeL2mjielinjx/fI="},"chainType":1,"messageKeys":{}}},"pendingPreKey":{"signedKeyId":1693781,"baseKey":"BTYP3cE8wqQpLqjcajy6kXKI61Z9CEzpScXi93vd/0cV","preKeyId":16651095}}},"version":"v1"}