{"_sessions":{"BQlu3jhLgSaZaa/n30Cr2VhRrnleKnTUGIKyyWQ54+YG":{"registrationId":10440,"currentRatchet":{"ephemeralKeyPair":{"pubKey":"BUYaZenuf8j3VlHxsmZlBcTQ4haFnPUN8MAZeqg5uEpi","privKey":"WLangmMeKPgFd15NGf5BMayrHa/Mkixr5XR/B2T+3Vs="},"lastRemoteEphemeralKey":"BaCA67JJs2uhvwZJWk2QTjqTDykwLiE5Fdgp8iXmJpxF","previousCounter":0,"rootKey":"lwppwsiqkXMM2QE7PIoGzeZjgpOv/u00Fp3xf7/lpew="},"indexInfo":{"baseKey":"BQlu3jhLgSaZaa/n30Cr2VhRrnleKnTUGIKyyWQ54+YG","baseKeyType":1,"closed":-1,"used":1770580234672,"created":1770580234672,"remoteIdentityKey":"Bfvqxx4ZcN1hpfDDA221R+hU2Z0F7Y7ThZ+hirrnw2MP"},"_chains":{"BUYaZenuf8j3VlHxsmZlBcTQ4haFnPUN8MAZeqg5uEpi":{"chainKey":{"counter":0,"key":"DCrH5Bd9WSv8xwlpjzttVaq9pJv/8WWgwOxVrBHcFIA="},"chainType":1,"messageKeys":{}}},"pendingPreKey":{"signedKeyId":3,"baseKey":"BQlu3jhLgSaZaa/n30Cr2VhRrnleKnTUGIKyyWQ54+YG","preKeyId":11759}}},"version":"v1"}