{"_sessions":{"BfSbaO6NC14KoDb1S215EN7YUYbzguaJKpVgsv2NUD9a":{"registrationId":270402414,"currentRatchet":{"ephemeralKeyPair":{"pubKey":"BZ36EQed/9pNK2CFDn7NEQcwpZFT2EswfgWeuy5Jq/wQ","privKey":"KCMhIenqo5ZQ/RAvJBgAzcrz60upm05ImgdlKKWyB10="},"lastRemoteEphemeralKey":"BfUbtt6slhOYzP/Hzw60US8AlCqqoYjrE3D9nen2nrQv","previousCounter":0,"rootKey":"EsaaUVrQ68ey/gfBB9vnPg7uxyIHfdFNlZSSATOeSRU="},"indexInfo":{"baseKey":"BfSbaO6NC14KoDb1S215EN7YUYbzguaJKpVgsv2NUD9a","baseKeyType":1,"closed":-1,"used":1770580234278,"created":1770580234278,"remoteIdentityKey":"BY/eRgnolR5fWpvY3mEqx24gXjNw8rg0V6LGnteeEY4q"},"_chains":{"BZ36EQed/9pNK2CFDn7NEQcwpZFT2EswfgWeuy5Jq/wQ":{"chainKey":{"counter":0,"key":"6TF9hioUfcjQDeI9dWHozTmM6sF6UEno9ZW40vIDcqQ="},"chainType":1,"messageKeys":{}}},"pendingPreKey":{"signedKeyId":113381,"baseKey":"BfSbaO6NC14KoDb1S215EN7YUYbzguaJKpVgsv2NUD9a"}}},"version":"v1"}