{"_sessions":{"BeJB0MBHJQyJxiU/NF6hg8laHEv2sfRtbbInjv9aq9NV":{"registrationId":1197284566,"currentRatchet":{"ephemeralKeyPair":{"pubKey":"BZQ9kNEnL5v2pGnqhMcFlcbgK3KBa7huMj1Q6pepE4NC","privKey":"QNqu2ok8eytnnwtrNKBiQAby3zk4eagJiYN3L1adiH0="},"lastRemoteEphemeralKey":"BWfpvPeIehRVKh54eaIJL1WKY1q8zYK5spVBFlmhquAr","previousCounter":0,"rootKey":"Zry0yrFxk2cYW89RIVLsfAfEK+6WM7OSZJReSRVfEMs="},"indexInfo":{"baseKey":"BeJB0MBHJQyJxiU/NF6hg8laHEv2sfRtbbInjv9aq9NV","baseKeyType":1,"closed":-1,"used":1770580234261,"created":1770580234261,"remoteIdentityKey":"BZnUcs3+eyw3fkd7YmBhAgvviJGBP/snuCtk3Hm5LyIc"},"_chains":{"BZQ9kNEnL5v2pGnqhMcFlcbgK3KBa7huMj1Q6pepE4NC":{"chainKey":{"counter":0,"key":"AnM+zwGIJa6kS9weK+ScO/JUwOH3UEMXP4PwHrJVbpc="},"chainType":1,"messageKeys":{}}},"pendingPreKey":{"signedKeyId":3835685,"baseKey":"BeJB0MBHJQyJxiU/NF6hg8laHEv2sfRtbbInjv9aq9NV"}}},"version":"v1"}