{"_sessions":{"BV8uH46UU7qWA3V84q0aXh/9d1jtqlgBDUiqrnkkW6J3":{"registrationId":71991584,"currentRatchet":{"ephemeralKeyPair":{"pubKey":"BcQfi/OFweZR2+9ta+WYq/j6lnn2RHc0Fu+DNIwbN8oY","privKey":"2Lc1aOYeWZ46aqHRBgHgp8dMp5WutRviz45ZfqHoqW0="},"lastRemoteEphemeralKey":"Bc5COuH93kn+wLrfFCvuBb6nFb8cM4RboklEiBLdTmY+","previousCounter":0,"rootKey":"zWwoacglVqx1ZMjuE2manK3RTg/J3BKb9fD7ORr4QnU="},"indexInfo":{"baseKey":"BV8uH46UU7qWA3V84q0aXh/9d1jtqlgBDUiqrnkkW6J3","baseKeyType":1,"closed":-1,"used":1770580233970,"created":1770580233970,"remoteIdentityKey":"BQaWPoq5xRWZIjtrC3HH9XxV0oioiUVLdpvGnZ7rBRkm"},"_chains":{"BcQfi/OFweZR2+9ta+WYq/j6lnn2RHc0Fu+DNIwbN8oY":{"chainKey":{"counter":0,"key":"hUUIsOOcrJtxa2ajkFf2ru53NVksDy3HHg+C9poZ3Co="},"chainType":1,"messageKeys":{}}},"pendingPreKey":{"signedKeyId":13756834,"baseKey":"BV8uH46UU7qWA3V84q0aXh/9d1jtqlgBDUiqrnkkW6J3","preKeyId":3530}}},"version":"v1"}