{"_sessions":{"BcRMNycaVI0kF8YIAajq6XV8pra+KAv/HkyigGqVtNhK":{"registrationId":1008675780,"currentRatchet":{"ephemeralKeyPair":{"pubKey":"BfOK/EEh9x8Jsp3g3dXjrqklpM0bRfMj9DZZhcSvSssd","privKey":"QBJlpC9R/NehQWxy3qWBQFA8Tny6B4lW7ANaegVhYlw="},"lastRemoteEphemeralKey":"BcMZ+wwcZQCyXI+cE3f9yRCzeuFm4YtM9IW8Vp70SIMo","previousCounter":0,"rootKey":"UBc/6+YsSTYZpcLpCm1k2Q+/5lTwVTy3F90c86QwX+M="},"indexInfo":{"baseKey":"BcRMNycaVI0kF8YIAajq6XV8pra+KAv/HkyigGqVtNhK","baseKeyType":1,"closed":-1,"used":1770580233766,"created":1770580233766,"remoteIdentityKey":"BedMBhbOMWxnGx38hta0mcEyEmz7XjDZhUv7FMCUoioN"},"_chains":{"BfOK/EEh9x8Jsp3g3dXjrqklpM0bRfMj9DZZhcSvSssd":{"chainKey":{"counter":0,"key":"1voSlhHGveut8n+96DPw55BVQI5Q//Ynkug73ZKM0d4="},"chainType":1,"messageKeys":{}}},"pendingPreKey":{"signedKeyId":9559033,"baseKey":"BcRMNycaVI0kF8YIAajq6XV8pra+KAv/HkyigGqVtNhK","preKeyId":5680}}},"version":"v1"}