{"_sessions":{"BetLKCNSRlf5Nzb1+LDBWniG7T8UPeAL0H/IIu2QaxgT":{"registrationId":1619031889,"currentRatchet":{"ephemeralKeyPair":{"pubKey":"BUVQDWuwf8QYl6ubaM5uvq20i0qpJd8Ob3ajwMFmywt3","privKey":"CCa8b++/su7qLKg7PYh9x7Yv2LJbBYOh3ncG/SzGUmc="},"lastRemoteEphemeralKey":"BfjZGi66ZZ1ZwMNGywiLIKypJGt2wtbX8UHK+6bGmxZo","previousCounter":0,"rootKey":"5hdvWQPSiBumFzrrwTdaDnJ0ofvauQUPrW6dZp2GnUg="},"indexInfo":{"baseKey":"BetLKCNSRlf5Nzb1+LDBWniG7T8UPeAL0H/IIu2QaxgT","baseKeyType":1,"closed":-1,"used":1770580234369,"created":1770580234369,"remoteIdentityKey":"BZSavondM2fVO1gzc1LUfVbDreMZt4Bz+SVd7UNj/WJq"},"_chains":{"BUVQDWuwf8QYl6ubaM5uvq20i0qpJd8Ob3ajwMFmywt3":{"chainKey":{"counter":0,"key":"sjKv90UhJ0IWITCZ3h/rUUtxBLhpCpFqSMsWkM2IQ58="},"chainType":1,"messageKeys":{}}},"pendingPreKey":{"signedKeyId":10950817,"baseKey":"BetLKCNSRlf5Nzb1+LDBWniG7T8UPeAL0H/IIu2QaxgT","preKeyId":10484301}}},"version":"v1"}