{"_sessions":{"Bd+2JSZrwI10N9xqpnRJ+7PU0BzKn4ShpoeOoY8/4cAw":{"registrationId":432886570,"currentRatchet":{"ephemeralKeyPair":{"pubKey":"BY0DZARAsHp8ptJG0Vrg6iiMEVva/mSZxvg42J38luF4","privKey":"6O3cgrNgYQe40uEQsANQmPulV8bvrtdNtrawTSXnjVQ="},"lastRemoteEphemeralKey":"Bb2L3WaFaFf3f8Fj5uJOxHTg9U1iSCadP7cVtAOtGGJ7","previousCounter":0,"rootKey":"4CE9AH/PuiQNrqCM+0hoWQ7xY7NhphEyyb09aIKG6Ng="},"indexInfo":{"baseKey":"Bd+2JSZrwI10N9xqpnRJ+7PU0BzKn4ShpoeOoY8/4cAw","baseKeyType":1,"closed":-1,"used":1770580234367,"created":1770580234367,"remoteIdentityKey":"BQaVcQAPgQEV4gRLwzrKTJlmanSqRWupWsxvQgRdFQ9S"},"_chains":{"BY0DZARAsHp8ptJG0Vrg6iiMEVva/mSZxvg42J38luF4":{"chainKey":{"counter":0,"key":"dhY8JMyExesmFpgFIuCfpy2ifBEASrihmA+ryH4MWFY="},"chainType":1,"messageKeys":{}}},"pendingPreKey":{"signedKeyId":271965,"baseKey":"Bd+2JSZrwI10N9xqpnRJ+7PU0BzKn4ShpoeOoY8/4cAw","preKeyId":7875284}}},"version":"v1"}