{"_sessions":{"BVuITdUdEgZ5lrrg47hr1i8Sl5RLMvuLs2mOyUJbyXRF":{"registrationId":1753354148,"currentRatchet":{"ephemeralKeyPair":{"pubKey":"BY4A972dI8Gl/4ioaSlEBmLOf0N4jznaEPc1Lt3JGqFw","privKey":"+HH9lJ5FvZumprpBsgQPS3VhtxjZV/tnUs4HMtDsI08="},"lastRemoteEphemeralKey":"BZ82qA93YKZHDYwmEwdSGWHqwttrCmUHcKXvthYuyqhb","previousCounter":0,"rootKey":"Pg7Cy8P3GAwsEtEGD64xaFDlf4sxdYhRrQDSVuiQxpI="},"indexInfo":{"baseKey":"BVuITdUdEgZ5lrrg47hr1i8Sl5RLMvuLs2mOyUJbyXRF","baseKeyType":1,"closed":-1,"used":1770580234657,"created":1770580234657,"remoteIdentityKey":"BeR+2/jUpB3xDaqWvwcszAgDB5h/57UfHtvHubO5KW4K"},"_chains":{"BY4A972dI8Gl/4ioaSlEBmLOf0N4jznaEPc1Lt3JGqFw":{"chainKey":{"counter":0,"key":"k9PlcZJAOPvj8Rm+2ZDFqVrYKAO0+NW2OdnVR/GhJPI="},"chainType":1,"messageKeys":{}}},"pendingPreKey":{"signedKeyId":3530353,"baseKey":"BVuITdUdEgZ5lrrg47hr1i8Sl5RLMvuLs2mOyUJbyXRF","preKeyId":8295862}}},"version":"v1"}