{"_sessions":{"BWRk4AskqSQ7ubQ7iRknRlw59W+ne58XSvjqveFDIBQJ":{"registrationId":13838,"currentRatchet":{"ephemeralKeyPair":{"pubKey":"BUQUIkHnhCYhiqK71exAsBBgyMnznwRM9KtPrsq1RWcb","privKey":"GKOoBBOApefi1hIyylyfhCT1BG7+ap8fuVkUZySxdUM="},"lastRemoteEphemeralKey":"Bex59HTHZHNBHnyasKtQ4kF56PTUZScxR93nJWaLcYgk","previousCounter":0,"rootKey":"OJ52/wG+kfE71eJDdap8ZrEgEz4LEUWv/G4UcYlAJUQ="},"indexInfo":{"baseKey":"BWRk4AskqSQ7ubQ7iRknRlw59W+ne58XSvjqveFDIBQJ","baseKeyType":1,"closed":-1,"used":1770580234558,"created":1770580234558,"remoteIdentityKey":"BctWAKoGoDDyCCOq1VFbKDg/pzqNUZ7yuO3Nw3XgpLl8"},"_chains":{"BUQUIkHnhCYhiqK71exAsBBgyMnznwRM9KtPrsq1RWcb":{"chainKey":{"counter":0,"key":"1sQFvAoLFXBELTdUlyaa8E+rg182wk27ME4oDgdySYg="},"chainType":1,"messageKeys":{}}},"pendingPreKey":{"signedKeyId":1,"baseKey":"BWRk4AskqSQ7ubQ7iRknRlw59W+ne58XSvjqveFDIBQJ"}}},"version":"v1"}