{"_sessions":{"BcyWPbA3UQWLE82URz+MBsZQc16ZsR5Px0Ec2K5MS/ky":{"registrationId":50066909,"currentRatchet":{"ephemeralKeyPair":{"pubKey":"BfxIpE3fRuBvMoICuBhW1PRbkCv7ph4R1wuQO+KKBEhF","privKey":"+NjE/DZkseSMYW6Ws9BHScKhI/BgTAtaqu3fDYP7a0g="},"lastRemoteEphemeralKey":"BZor1RdFcO2K2Iy6kNAYCh7zlvrDOlBBmbEShBqQK3AE","previousCounter":0,"rootKey":"uEtNDhB4HYNbZtid+xhxwqiRcNUAAoxEnVh9wKv1QHA="},"indexInfo":{"baseKey":"BcyWPbA3UQWLE82URz+MBsZQc16ZsR5Px0Ec2K5MS/ky","baseKeyType":1,"closed":-1,"used":1770580234266,"created":1770580234266,"remoteIdentityKey":"BVpWahRjrEqtrrwtsWXJMX277SMha1lALbB39zbiF/cW"},"_chains":{"BfxIpE3fRuBvMoICuBhW1PRbkCv7ph4R1wuQO+KKBEhF":{"chainKey":{"counter":0,"key":"aQAesWzhSwW1doTcngSE4mEvMTtbGa0TfEFXOqs+/Xk="},"chainType":1,"messageKeys":{}}},"pendingPreKey":{"signedKeyId":2650589,"baseKey":"BcyWPbA3UQWLE82URz+MBsZQc16ZsR5Px0Ec2K5MS/ky","preKeyId":11433327}}},"version":"v1"}