{"_sessions":{"Bb31nitaQRQl0EqmrBfyy1swm3v7/jP2QBXCCoqEmSZZ":{"registrationId":978178534,"currentRatchet":{"ephemeralKeyPair":{"pubKey":"BdE8bv7D1W4pjYA/Gdo0wlW1aopdgHQDAgtrNbim9o5s","privKey":"QLug58fBD53l+5QR/5ptSHWBniesERiq/SJAgyAtbVs="},"lastRemoteEphemeralKey":"BXCAS6SEHgpN2nwjoANq79sJbVHR48hm3YqR1HzJTwxS","previousCounter":0,"rootKey":"lGe3H3+vPdAgYeqnipkT7L5pKMbmCqAARE0YFigqQsg="},"indexInfo":{"baseKey":"Bb31nitaQRQl0EqmrBfyy1swm3v7/jP2QBXCCoqEmSZZ","baseKeyType":1,"closed":-1,"used":1770580234554,"created":1770580234554,"remoteIdentityKey":"BS+hooIvE2YEbGCPqfIllSUNgEB3OmFTb3l9JyhdSCUw"},"_chains":{"BdE8bv7D1W4pjYA/Gdo0wlW1aopdgHQDAgtrNbim9o5s":{"chainKey":{"counter":0,"key":"H4yEh7b1cLW2NYoai0gd+pUQp9EeLi0q0ugDGLT5pVg="},"chainType":1,"messageKeys":{}}},"pendingPreKey":{"signedKeyId":3818667,"baseKey":"Bb31nitaQRQl0EqmrBfyy1swm3v7/jP2QBXCCoqEmSZZ"}}},"version":"v1"}