{"_sessions":{"BXeh3XIMHoWHBOH3lbQ7ryPrcN0qxBR9rOqetj1gRsQE":{"registrationId":734531259,"currentRatchet":{"ephemeralKeyPair":{"pubKey":"BQm6AvFq0qrWmIadhqJf8IuVhIw43/nvZSnZjlsJCwFr","privKey":"AGdj8knLiVmGq4VVDo6g4887JoaqeIXDFQG+mMQT00Y="},"lastRemoteEphemeralKey":"BTm1xxCrbiG+TlmQ+eQV6YH4AslW6RAMKa+rUv851BQg","previousCounter":0,"rootKey":"auyHuzDcwRL5WEmG0i0+vt8IpZSTV8nHqZM6W3+euFI="},"indexInfo":{"baseKey":"BXeh3XIMHoWHBOH3lbQ7ryPrcN0qxBR9rOqetj1gRsQE","baseKeyType":1,"closed":-1,"used":1770580234265,"created":1770580234265,"remoteIdentityKey":"BU5zGeN/DsKg0B3oqH7OWeIb5I2E//vXJfl4B43qZokd"},"_chains":{"BQm6AvFq0qrWmIadhqJf8IuVhIw43/nvZSnZjlsJCwFr":{"chainKey":{"counter":0,"key":"Ke6UvtDA2rLgnXKaD3Oije/vNKlCLpKAJh723hhEWGQ="},"chainType":1,"messageKeys":{}}},"pendingPreKey":{"signedKeyId":12,"baseKey":"BXeh3XIMHoWHBOH3lbQ7ryPrcN0qxBR9rOqetj1gRsQE"}}},"version":"v1"}