{"_sessions":{"BTF90trtrawIfm0woFzWDs+YU5T9Lv52KoeheH/p+FtN":{"registrationId":203,"currentRatchet":{"ephemeralKeyPair":{"pubKey":"BQRMVnEUYgB4Suh6F8mSA4hjkrqkpn75TdcoNsDkMFtu","privKey":"iJJaltD+wA5gXC8DqGJvjqlfA1DvGZEQZqKhpQdQdHU="},"lastRemoteEphemeralKey":"BbROnL7ZbZ4SHziN8Xwl0Ly5usg4YxODU5ZsDKfa1Khn","previousCounter":0,"rootKey":"FRJ4ULTSQpLWVmaFGhhSVDs+VeICOYcFfEp/7kAkHoY="},"indexInfo":{"baseKey":"BTF90trtrawIfm0woFzWDs+YU5T9Lv52KoeheH/p+FtN","baseKeyType":1,"closed":-1,"used":1770580234659,"created":1770580234659,"remoteIdentityKey":"BcqKJ4yxrbFHjLiPt2S7YdN43Lf3qyLt0yzPGskOqKZJ"},"_chains":{"BQRMVnEUYgB4Suh6F8mSA4hjkrqkpn75TdcoNsDkMFtu":{"chainKey":{"counter":0,"key":"hkmQzfWZuCI1jJMzuf93a82F+4Vl7FMhQa/Ag/GlZBk="},"chainType":1,"messageKeys":{}}},"pendingPreKey":{"signedKeyId":1,"baseKey":"BTF90trtrawIfm0woFzWDs+YU5T9Lv52KoeheH/p+FtN"}}},"version":"v1"}