{"_sessions":{"BfHM/3ggBRdfe0GnLeyGaH7ihHGQkKMJRUGh7hCU+YQm":{"registrationId":85835775,"currentRatchet":{"ephemeralKeyPair":{"pubKey":"BXopi3u2U+Tg5sE2qMVX8nTyaXzAfV5nanFnrFtdcg1l","privKey":"cEqsZRG18DFGwH8dZN7lC01tEhGRHZ5qRC5j6AWIy1Q="},"lastRemoteEphemeralKey":"BVF+XA0unh0WJgzj0jAyHuaeGZoJJSUbtFSnCtzEx1Bk","previousCounter":0,"rootKey":"4/O1veZQh0tUa/JiSCDxATg6VpDdT/4EsZBwiODppQ4="},"indexInfo":{"baseKey":"BfHM/3ggBRdfe0GnLeyGaH7ihHGQkKMJRUGh7hCU+YQm","baseKeyType":1,"closed":-1,"used":1770580234768,"created":1770580234768,"remoteIdentityKey":"BQ5Rrx9XlWPPCchPfJqw8At6ckb8Hgg/Qpbe0uTFf9BC"},"_chains":{"BXopi3u2U+Tg5sE2qMVX8nTyaXzAfV5nanFnrFtdcg1l":{"chainKey":{"counter":0,"key":"l2Tiv8JmyKks+qdivRsj2pS2DMeTydLK0hkolDpY9+g="},"chainType":1,"messageKeys":{}}},"pendingPreKey":{"signedKeyId":1,"baseKey":"BfHM/3ggBRdfe0GnLeyGaH7ihHGQkKMJRUGh7hCU+YQm"}}},"version":"v1"}