{"_sessions":{"BXRDX2dZCosz/8EARspQtkV5ZM6S5XoZ7+E1m8dE19pY":{"registrationId":616202962,"currentRatchet":{"ephemeralKeyPair":{"pubKey":"Be5cGDI7FhzDKMAWR5xHnQj2/kC1Iu8CHufu/kWnoSZb","privKey":"YPx5OZ93sIEyxXDNhlzA2n7m5i9R6BLywkIHK/Iqa18="},"lastRemoteEphemeralKey":"BYV+jFKa53NPi4RH9Qq0BkuKt6a5anhA6flHkWQtfeUd","previousCounter":0,"rootKey":"xzqHrcPLwmTdqAxetzIRBuHWvGuEthrsxPEbubvNvNM="},"indexInfo":{"baseKey":"BXRDX2dZCosz/8EARspQtkV5ZM6S5XoZ7+E1m8dE19pY","baseKeyType":1,"closed":-1,"used":1770580234270,"created":1770580234270,"remoteIdentityKey":"BYaZltXWC0lmGWZGl+uRFm9ArzvDlRn0Y5FQg88D47Qh"},"_chains":{"Be5cGDI7FhzDKMAWR5xHnQj2/kC1Iu8CHufu/kWnoSZb":{"chainKey":{"counter":0,"key":"ael6st0/v8dNAXXiWIm+rp0b6ZS9X6Py30zdkoFtxdo="},"chainType":1,"messageKeys":{}}},"pendingPreKey":{"signedKeyId":793467,"baseKey":"BXRDX2dZCosz/8EARspQtkV5ZM6S5XoZ7+E1m8dE19pY","preKeyId":6002908}}},"version":"v1"}