{"_sessions":{"BfBrxGfHvmROgr7GXZ8hW7TYjORuo6dOcGF6YAOaq1N4":{"registrationId":266063644,"currentRatchet":{"ephemeralKeyPair":{"pubKey":"Begt2MpHpcpQ1FyIIRUsvsWZ/2aenWYMwWXYQO6DkZNZ","privKey":"EPg268xg+1aLJBes8pHdp/0Jr3WTFumpz/Csz1flxHc="},"lastRemoteEphemeralKey":"BUwjmh5NsNzrZwDa3WEXQiwZcuepRzIa92jasqraTcV3","previousCounter":0,"rootKey":"cvanq8cuVu2wIplf6gV0G9QWWypu41z1bAWjk7NB5OI="},"indexInfo":{"baseKey":"BfBrxGfHvmROgr7GXZ8hW7TYjORuo6dOcGF6YAOaq1N4","baseKeyType":1,"closed":-1,"used":1770580234254,"created":1770580234254,"remoteIdentityKey":"BbMEVSIFAjJ3kXft3Kz/gmucYHBA6MJ48o7VOzxUgRBe"},"_chains":{"Begt2MpHpcpQ1FyIIRUsvsWZ/2aenWYMwWXYQO6DkZNZ":{"chainKey":{"counter":0,"key":"8SCdTURfX6Fr9jJDJy4axfh7H04Uw9Pm8ka6nrm+PPA="},"chainType":1,"messageKeys":{}}},"pendingPreKey":{"signedKeyId":15257052,"baseKey":"BfBrxGfHvmROgr7GXZ8hW7TYjORuo6dOcGF6YAOaq1N4","preKeyId":10698429}}},"version":"v1"}