{"_sessions":{"BfENAhZU1FUmokFHifPQPwTF+eDEj1C/rE4qoHjaGv5Z":{"registrationId":1386282432,"currentRatchet":{"ephemeralKeyPair":{"pubKey":"BeQ5rbmSaPM6KUhsChPiHbgG8DOovZKwBwwhY4xjCkIy","privKey":"OCf05Zv6YKaQtc/j/Y1QVCy1L4qdIQi5I4G6RWeU4G8="},"lastRemoteEphemeralKey":"Bdu77tCeGZRQFpnLofX+GlufkmSyvCyiKESTAIniiT1f","previousCounter":0,"rootKey":"z6sE7FEyYPKTlhVlVyJowEYAkCQHc48BeFk2SlFX9lA="},"indexInfo":{"baseKey":"BfENAhZU1FUmokFHifPQPwTF+eDEj1C/rE4qoHjaGv5Z","baseKeyType":1,"closed":-1,"used":1770580234268,"created":1770580234268,"remoteIdentityKey":"Be/Ey2yutI9g232Ces/GK06GsUjmVyDJNAaki67MR4Es"},"_chains":{"BeQ5rbmSaPM6KUhsChPiHbgG8DOovZKwBwwhY4xjCkIy":{"chainKey":{"counter":0,"key":"+YWaq02Cj8FjH1ffR6jUFraUqz2zoXsAGdDoerRGALk="},"chainType":1,"messageKeys":{}}},"pendingPreKey":{"signedKeyId":7095359,"baseKey":"BfENAhZU1FUmokFHifPQPwTF+eDEj1C/rE4qoHjaGv5Z","preKeyId":6225548}}},"version":"v1"}