{"_sessions":{"BULFwsaw3axO5tz1o3C8BRymj+Wgml9D3G8n/F594u1J":{"registrationId":1099009275,"currentRatchet":{"ephemeralKeyPair":{"pubKey":"BTOo6hjprC+vSblZZ3gK6+RpVdl5+xBnxKrRYVoQILdy","privKey":"yD89Bmd6sf1xez5ly6cmUHBYsIbL/M7c5JSCsnCJAXk="},"lastRemoteEphemeralKey":"BXn70tav6O1fnzrT1A+03j8jD0YCpex0t7ZxHVRnDJlH","previousCounter":0,"rootKey":"pG9OlNhGavAeC5tc64emtIfsp4D3fAz0vwThEl0Lavc="},"indexInfo":{"baseKey":"BULFwsaw3axO5tz1o3C8BRymj+Wgml9D3G8n/F594u1J","baseKeyType":1,"closed":-1,"used":1770580234460,"created":1770580234460,"remoteIdentityKey":"BXk3XLrKBlcpJZN2J09CcfqJrOqb5UWCNeLL0BqTJY5T"},"_chains":{"BTOo6hjprC+vSblZZ3gK6+RpVdl5+xBnxKrRYVoQILdy":{"chainKey":{"counter":0,"key":"duy5osM0djahrBB34Kbwxr2mwgcVSCB/M3ZEyc4fcPs="},"chainType":1,"messageKeys":{}}},"pendingPreKey":{"signedKeyId":4630267,"baseKey":"BULFwsaw3axO5tz1o3C8BRymj+Wgml9D3G8n/F594u1J","preKeyId":16051781}}},"version":"v1"}