{"_sessions":{"BUqg8aF56kqFNlX1Sr7Wp7KFzBoyBs9/scoWl8A2O6Zs":{"registrationId":748837015,"currentRatchet":{"ephemeralKeyPair":{"pubKey":"BW5xw4QmiE7+BMD5xq87lrKaU6WC1TPSYgx4iq+9Vghh","privKey":"cEPvvH0olfMa9DZlkUSgDkybY2V9IZ4qj9YVHB5JsWs="},"lastRemoteEphemeralKey":"BRRhL8QT2nNyQuijb0s0f2zQxt5IJvrngFli/G9UkbNT","previousCounter":0,"rootKey":"gLQo+Ar6lOJ/6pRrAjnvzsw6FsNuXdyu1nFUkoyjs0Q="},"indexInfo":{"baseKey":"BUqg8aF56kqFNlX1Sr7Wp7KFzBoyBs9/scoWl8A2O6Zs","baseKeyType":1,"closed":-1,"used":1770580234557,"created":1770580234557,"remoteIdentityKey":"Ba7kJRTTmacRoiYkccJx3T47Bc+sZJXmUJSkDzfIhb8+"},"_chains":{"BW5xw4QmiE7+BMD5xq87lrKaU6WC1TPSYgx4iq+9Vghh":{"chainKey":{"counter":0,"key":"SUdo7Pq3xweqOphyaqYKmexjljImDtdTLyyW8V/O7a8="},"chainType":1,"messageKeys":{}}},"pendingPreKey":{"signedKeyId":10238895,"baseKey":"BUqg8aF56kqFNlX1Sr7Wp7KFzBoyBs9/scoWl8A2O6Zs","preKeyId":12369848}}},"version":"v1"}