{"_sessions":{"BV+B2Pp0NFgio5NHzU8Y/MOFyqvfkcLIFYuPBHq2k4Y9":{"registrationId":7399,"currentRatchet":{"ephemeralKeyPair":{"pubKey":"BWMTKorrCXHJLFR8rTr+9uvTDFfZN4jre9nAaVbeCpYk","privKey":"WLdYX97oUNKgjfsCmvAt+39yd9rdT2xmO+E8HkAXrWw="},"lastRemoteEphemeralKey":"BYxSBkaZEddHGqOaf1eDiDOT7Ous8WGZFWKczh9oagNX","previousCounter":0,"rootKey":"udA3qTlrqMSN1nXpPZARWipzxAYQqpcPLRFChDjoVAU="},"indexInfo":{"baseKey":"BV+B2Pp0NFgio5NHzU8Y/MOFyqvfkcLIFYuPBHq2k4Y9","baseKeyType":1,"closed":-1,"used":1770580234669,"created":1770580234669,"remoteIdentityKey":"BRwIihcFeyrJshUuoexY2ft2WbPyIyP0H09w8LpUQ/gH"},"_chains":{"BWMTKorrCXHJLFR8rTr+9uvTDFfZN4jre9nAaVbeCpYk":{"chainKey":{"counter":0,"key":"dUPbgf2SHxr39dfRsELhHlnn2V3TFRzdNd0C4CeU2QM="},"chainType":1,"messageKeys":{}}},"pendingPreKey":{"signedKeyId":1,"baseKey":"BV+B2Pp0NFgio5NHzU8Y/MOFyqvfkcLIFYuPBHq2k4Y9"}}},"version":"v1"}