{"_sessions":{"BbZN/OGL9lwbsQSe+0JEBKfzDynUTS6+25OtX1X6bLRa":{"registrationId":885020812,"currentRatchet":{"ephemeralKeyPair":{"pubKey":"BT2eGMvY7w5adFlOrbB54rmtfUgCppGH6nMVPuxEePcT","privKey":"iMRaxD/2N8kbwSeV2itcjMq4Tyae4PExjk5eGD+jZUI="},"lastRemoteEphemeralKey":"BeV2TCcZ0BxzxDFLd6gyniTLAMc3lZ1IPQK0yU20At4I","previousCounter":0,"rootKey":"CNNIu3f5/hCKq8JU0pEIej3Wu+3p3PzksWsrnUpPhp4="},"indexInfo":{"baseKey":"BbZN/OGL9lwbsQSe+0JEBKfzDynUTS6+25OtX1X6bLRa","baseKeyType":1,"closed":-1,"used":1770580234054,"created":1770580234054,"remoteIdentityKey":"BZ0l7+YT01Qpp3j7oyVVOeaiJHPJESwdKL9GQl17vQhD"},"_chains":{"BT2eGMvY7w5adFlOrbB54rmtfUgCppGH6nMVPuxEePcT":{"chainKey":{"counter":0,"key":"ywmojqP5K57hwaIGlg+nng2/bUoakVEG7g6YoKD1HVk="},"chainType":1,"messageKeys":{}}},"pendingPreKey":{"signedKeyId":9560009,"baseKey":"BbZN/OGL9lwbsQSe+0JEBKfzDynUTS6+25OtX1X6bLRa","preKeyId":2589379}}},"version":"v1"}