{"_sessions":{"BW6XeFTj4F5zLIwyndwZdgSrJZLn+8Ho6zNXocTWoS5S":{"registrationId":226199008,"currentRatchet":{"ephemeralKeyPair":{"pubKey":"Be6f+lbqXDOEZPbtmdk4QZpS/gXHrfRYUnTWCTRJwx4T","privKey":"IPaxeMbRfMMclrq/FU03LneGtfvWqTZB3NstcWHw9GE="},"lastRemoteEphemeralKey":"BX/CmSXi6RSIH/+J1Pa+szKi2Kh2D0bJLS4ca541SJo5","previousCounter":0,"rootKey":"Gi0ar0P58RaklgE1t7CHMrLXm/eMmVMTwsVjcLD4sGc="},"indexInfo":{"baseKey":"BW6XeFTj4F5zLIwyndwZdgSrJZLn+8Ho6zNXocTWoS5S","baseKeyType":1,"closed":-1,"used":1770580234267,"created":1770580234267,"remoteIdentityKey":"BZe5Ay1kQdSURO7sjJiOVqYYw291zmbJPjWW2K1OwqMJ"},"_chains":{"Be6f+lbqXDOEZPbtmdk4QZpS/gXHrfRYUnTWCTRJwx4T":{"chainKey":{"counter":0,"key":"zeHAVg60zMOC8/y/mGWEX1Mm5iFcSPpwCTqxKNgBaEI="},"chainType":1,"messageKeys":{}}},"pendingPreKey":{"signedKeyId":13904350,"baseKey":"BW6XeFTj4F5zLIwyndwZdgSrJZLn+8Ho6zNXocTWoS5S"}}},"version":"v1"}