{"_sessions":{"BQFcElzecABmKLZyrWXAmk0F7zwDRXBxobM6AkNLbQ5c":{"registrationId":1585743788,"currentRatchet":{"ephemeralKeyPair":{"pubKey":"BbQWTLeeSBvnqAECTQCTnTbujosQ0okiS5pzbeFAYexS","privKey":"gAIn3B7A3H2YMY7XTG4Wph9xNhMlN+004UN0tV9QQ2w="},"lastRemoteEphemeralKey":"BR6XFWQSaO3RUdeU6HjkskGJCFg0jkrLjkgvBM5PIfpW","previousCounter":0,"rootKey":"l+7UfnyDp49CMeDFJZWmMuO1zbbA4SRXNJVvaZ0IFZY="},"indexInfo":{"baseKey":"BQFcElzecABmKLZyrWXAmk0F7zwDRXBxobM6AkNLbQ5c","baseKeyType":1,"closed":-1,"used":1770580234762,"created":1770580234762,"remoteIdentityKey":"BbyWn9BTchX1BEt7WLLDc//eyUkF6MzO5UEy7ey3WsRs"},"_chains":{"BbQWTLeeSBvnqAECTQCTnTbujosQ0okiS5pzbeFAYexS":{"chainKey":{"counter":0,"key":"M1s7+5krfdz87GG/0q5HhLHlF1p7DuXVgEPGtVoyM68="},"chainType":1,"messageKeys":{}}},"pendingPreKey":{"signedKeyId":10761770,"baseKey":"BQFcElzecABmKLZyrWXAmk0F7zwDRXBxobM6AkNLbQ5c","preKeyId":7688973}}},"version":"v1"}