{"_sessions":{"BUI6lNIoYrXKlF02G5eSltFS3c+oEogbQuk2UuQdD09i":{"registrationId":1855607027,"currentRatchet":{"ephemeralKeyPair":{"pubKey":"Bb1Tri0GUQnEY6J/rrsBy3gIZTIiXif6vvDu0LLYxpQ/","privKey":"iKjCk9+Sm1VfQHS/ANBDu5QGdNFhSnuF9xqLq/0mRUg="},"lastRemoteEphemeralKey":"BW6xIiwK3kF8uAQcamzbD2J6y8VUX5VUv0sgca3fF4Vj","previousCounter":0,"rootKey":"se5j8dDWzp0/OciLmM2Zo7X7d/lAhkJHIUrdxMcst2s="},"indexInfo":{"baseKey":"BUI6lNIoYrXKlF02G5eSltFS3c+oEogbQuk2UuQdD09i","baseKeyType":1,"closed":-1,"used":1770580234252,"created":1770580234252,"remoteIdentityKey":"BQciXbNjl9V95NvoWj7Wx3n/gU7PwTjk2TIxDeENkMkO"},"_chains":{"Bb1Tri0GUQnEY6J/rrsBy3gIZTIiXif6vvDu0LLYxpQ/":{"chainKey":{"counter":0,"key":"rIfiAlOBeWkwPu3wiz4tsAiSKjlXrd+5xap0R1qRrvg="},"chainType":1,"messageKeys":{}}},"pendingPreKey":{"signedKeyId":6288522,"baseKey":"BUI6lNIoYrXKlF02G5eSltFS3c+oEogbQuk2UuQdD09i","preKeyId":14568734}}},"version":"v1"}