{"_sessions":{"Bdp6kI9VGQRCxf4c4nPDy+Z5zcq7fCj7FGPtLRiQJJAQ":{"registrationId":12023,"currentRatchet":{"ephemeralKeyPair":{"pubKey":"BS0jbTL8v45DwFX8oYS5jw40bZeNb/GIN/v4gs32Nlxs","privKey":"qL89ILNsbCTou9PEmfMKIK/gnziujCLepD37Obp1wE8="},"lastRemoteEphemeralKey":"BVkRnH3Bj70RNVVhlJcmVBoem36+M0AM0uM8y2lusbBR","previousCounter":0,"rootKey":"x9dfCK5xaIV4hNT1h7oisozfO6Y0diV0FxKyL9uOFz0="},"indexInfo":{"baseKey":"Bdp6kI9VGQRCxf4c4nPDy+Z5zcq7fCj7FGPtLRiQJJAQ","baseKeyType":1,"closed":-1,"used":1770580234761,"created":1770580234761,"remoteIdentityKey":"BaUlwicX+IbykyAZNcqh5OvyBi5qZmLBUgG4gD8VTt5X"},"_chains":{"BS0jbTL8v45DwFX8oYS5jw40bZeNb/GIN/v4gs32Nlxs":{"chainKey":{"counter":0,"key":"qB/e4pM+xcQgxyEh5T2oPTtmdhKPUDYBXq2023YpGN8="},"chainType":1,"messageKeys":{}}},"pendingPreKey":{"signedKeyId":1,"baseKey":"Bdp6kI9VGQRCxf4c4nPDy+Z5zcq7fCj7FGPtLRiQJJAQ","preKeyId":1208}}},"version":"v1"}