{"_sessions":{"BRyj1eHFWPW0XwpCHfMVwhYL2Pzd2TQDgNaRIsvqFVkP":{"registrationId":2033727241,"currentRatchet":{"ephemeralKeyPair":{"pubKey":"BQ/KWj88U5sws4MaHk8Bf/ViOJNMGTbC9m3GJD/XI2A6","privKey":"iKL/L22GLKdTwq3WYKAY6aWzTvl1udBOjDXBHXV4vUk="},"lastRemoteEphemeralKey":"BV7ekmB3Ya0kkWXwAE9OBTgpzUqMs1F0Mc8z3OweKBJE","previousCounter":0,"rootKey":"8+ANsBDx+ci0UtsKLPDE5TSHjLU74J6egLniIS3Fs4s="},"indexInfo":{"baseKey":"BRyj1eHFWPW0XwpCHfMVwhYL2Pzd2TQDgNaRIsvqFVkP","baseKeyType":1,"closed":-1,"used":1770580234063,"created":1770580234063,"remoteIdentityKey":"BW4yk2uCGBQjyEa9V96yzJX47+bNJjUR2Z/UALFIstVS"},"_chains":{"BQ/KWj88U5sws4MaHk8Bf/ViOJNMGTbC9m3GJD/XI2A6":{"chainKey":{"counter":0,"key":"u7Jv4MryXi9du/dgKR0C+1as1vGvqgHx4GpIRcVQvi4="},"chainType":1,"messageKeys":{}}},"pendingPreKey":{"signedKeyId":8139497,"baseKey":"BRyj1eHFWPW0XwpCHfMVwhYL2Pzd2TQDgNaRIsvqFVkP","preKeyId":13917672}}},"version":"v1"}