{"_sessions":{"BbJ3/d63DOYRCm1pzjXwWdHAFZkPMZ68fV9Lbmibmtwf":{"registrationId":179,"currentRatchet":{"ephemeralKeyPair":{"pubKey":"BQCXxC3hD93B2AjcfPa9BfLHTanXhOJplrsZ/pjZbFo1","privKey":"6GVUfLGyluEG265it0ItL1gPMLm7U0M3Tl30RZLyP3o="},"lastRemoteEphemeralKey":"BZSVO59+mtGDDo49JdottzzfTkpWI6Vdi0IjNmZto89W","previousCounter":0,"rootKey":"hiZtyDT+DhWb4tewids/OhpyXHulsKYTKEonISlFMc8="},"indexInfo":{"baseKey":"BbJ3/d63DOYRCm1pzjXwWdHAFZkPMZ68fV9Lbmibmtwf","baseKeyType":1,"closed":1770579351258,"used":1770579333580,"created":1770579333580,"remoteIdentityKey":"BQ0yoo7oDqSHFhW01VhtPcWF8p1mbQx6Yd+z0JcyAQIp"},"_chains":{"BQCXxC3hD93B2AjcfPa9BfLHTanXhOJplrsZ/pjZbFo1":{"chainKey":{"counter":0,"key":"5EFW01eQqmAphndFK6D6/cWx/k7uo/WXXM/jOstY7SM="},"chainType":1,"messageKeys":{}}},"pendingPreKey":{"signedKeyId":1,"baseKey":"BbJ3/d63DOYRCm1pzjXwWdHAFZkPMZ68fV9Lbmibmtwf","preKeyId":946}},"Be7jWKmJLo5rsxnn4gbkRdbLsqs+1OYriNQxcN2KCO9Y":{"registrationId":179,"currentRatchet":{"ephemeralKeyPair":{"pubKey":"Bf3nn39RjZrbtMbQEfYO8Htk0Vk5Thj4zWNg8SOGu3R6","privKey":"6HUFzmBqu9nq0zN7V0AlX8txlmcXqbPLpMEj5s0pzV8="},"lastRemoteEphemeralKey":"BZSVO59+mtGDDo49JdottzzfTkpWI6Vdi0IjNmZto89W","previousCounter":0,"rootKey":"RmHkwtwQW1X7LXNaTgwFFd6WuKXLvoTtq7KgGlSv40c="},"indexInfo":{"baseKey":"Be7jWKmJLo5rsxnn4gbkRdbLsqs+1OYriNQxcN2KCO9Y","baseKeyType":1,"closed":1770579356679,"used":1770579351258,"created":1770579351258,"remoteIdentityKey":"BQ0yoo7oDqSHFhW01VhtPcWF8p1mbQx6Yd+z0JcyAQIp"},"_chains":{"Bf3nn39RjZrbtMbQEfYO8Htk0Vk5Thj4zWNg8SOGu3R6":{"chainKey":{"counter":0,"key":"k2LQwE4B/vlikUSaPt5DqWcn0QFfAM4cWgnJ0/6S860="},"chainType":1,"messageKeys":{}}},"pendingPreKey":{"signedKeyId":1,"baseKey":"Be7jWKmJLo5rsxnn4gbkRdbLsqs+1OYriNQxcN2KCO9Y","preKeyId":883}},"BQKfS9MzkPBhhZ8V2sKPbK0T0nDjcqn6Uvo5tJAuWVIR":{"registrationId":179,"currentRatchet":{"ephemeralKeyPair":{"pubKey":"BY1f+mZ4moPFCcfpgK3tLhSVdYaHDabb/L+UFtZqabF1","privKey":"SCBeBSD4o/hAkeNqUSRFHFSZ/+Afbi9rdRu8jK9IG3I="},"lastRemoteEphemeralKey":"BZSVO59+mtGDDo49JdottzzfTkpWI6Vdi0IjNmZto89W","previousCounter":0,"rootKey":"/LNFlYVGkl6qnQw9rkz8RzO0rC9xAd8RENw48fNZDaI="},"indexInfo":{"baseKey":"BQKfS9MzkPBhhZ8V2sKPbK0T0nDjcqn6Uvo5tJAuWVIR","baseKeyType":1,"closed":1770579360932,"used":1770579356679,"created":1770579356679,"remoteIdentityKey":"BQ0yoo7oDqSHFhW01VhtPcWF8p1mbQx6Yd+z0JcyAQIp"},"_chains":{"BY1f+mZ4moPFCcfpgK3tLhSVdYaHDabb/L+UFtZqabF1":{"chainKey":{"counter":0,"key":"d1j+8jai/J1K+jMmID0ZAYwnzdI8QQZkg2gjzWSoJY4="},"chainType":1,"messageKeys":{}}},"pendingPreKey":{"signedKeyId":1,"baseKey":"BQKfS9MzkPBhhZ8V2sKPbK0T0nDjcqn6Uvo5tJAuWVIR","preKeyId":854}},"BUCWwEwrI0Iuqrs0e3W3t0jYd9BXCSByM2w54nPz+Gda":{"registrationId":179,"currentRatchet":{"ephemeralKeyPair":{"pubKey":"BTRezLSJ3NI9zmUDBADT+jeOfCPrLRI9s+TMrVl5/icq","privKey":"qO7jy9msIyEyDuVg+rxEmCrzEPcdk6z653gwXZNWnlc="},"lastRemoteEphemeralKey":"BZSVO59+mtGDDo49JdottzzfTkpWI6Vdi0IjNmZto89W","previousCounter":0,"rootKey":"TqMUBtUDYoYqDEaQOeLm6nciWBA//abSnalwB5KuA5g="},"indexInfo":{"baseKey":"BUCWwEwrI0Iuqrs0e3W3t0jYd9BXCSByM2w54nPz+Gda","baseKeyType":1,"closed":-1,"used":1770579360931,"created":1770579360931,"remoteIdentityKey":"BQ0yoo7oDqSHFhW01VhtPcWF8p1mbQx6Yd+z0JcyAQIp"},"_chains":{"BTRezLSJ3NI9zmUDBADT+jeOfCPrLRI9s+TMrVl5/icq":{"chainKey":{"counter":18,"key":"ft/hhX0UNLoAdVaz7BdoVDkfCjOEiEDBIJMh+X+COyg="},"chainType":1,"messageKeys":{}}},"pendingPreKey":{"signedKeyId":1,"baseKey":"BUCWwEwrI0Iuqrs0e3W3t0jYd9BXCSByM2w54nPz+Gda","preKeyId":1578}}},"version":"v1"}