{"_sessions":{"BYvcV6CuEZrYD2zr3iDbMwee7ZXMZZfOr3gvTQS/KtcB":{"registrationId":1837115776,"currentRatchet":{"ephemeralKeyPair":{"pubKey":"BQX55waPKn2eNcB/4f53x7tugzX3kbWwFh0LuW9v1wUn","privKey":"cAZ6Zr607rOOI4mqJrJe+i87m8agMcJ7j+KhICadcVs="},"lastRemoteEphemeralKey":"BfJDYFSFTBN8TLgZBWzMv1ZW1mrCrc9jH8u6aiyu0PIs","previousCounter":0,"rootKey":"lLNeuZGwgkOR32ohnOhOVEQ9/+GLV0EXb3sT/4DffdM="},"indexInfo":{"baseKey":"BYvcV6CuEZrYD2zr3iDbMwee7ZXMZZfOr3gvTQS/KtcB","baseKeyType":1,"closed":-1,"used":1770580234060,"created":1770580234060,"remoteIdentityKey":"BSZGJ5J+LeSrU3fcC3dT1jmgCQCsCS0yTe5LPW5B9d86"},"_chains":{"BQX55waPKn2eNcB/4f53x7tugzX3kbWwFh0LuW9v1wUn":{"chainKey":{"counter":0,"key":"FK+kGgVmliy6Q/fO/jqfr/ATc+1EelS35/yGKKnSjNs="},"chainType":1,"messageKeys":{}}},"pendingPreKey":{"signedKeyId":651992,"baseKey":"BYvcV6CuEZrYD2zr3iDbMwee7ZXMZZfOr3gvTQS/KtcB","preKeyId":5597515}}},"version":"v1"}