{"_sessions":{"BRpIZ/1v0EMluMXZLWtNE3YhqSPol+YF4tXkX4kjDTxA":{"registrationId":14794,"currentRatchet":{"ephemeralKeyPair":{"pubKey":"BdyZXk9y7DP5njSdmbFq64sW9YlAH+RylqAZk4YdsMsk","privKey":"eDcf+X7WnFTWySdfFMDhwZy0NhqmW1/DjV0WUB7GGHk="},"lastRemoteEphemeralKey":"BVhR1Pnxr2bKwecU5U84TPIY8B4lcfCMNmhV2wrKt/Nu","previousCounter":0,"rootKey":"Xpm5DC/whhfsP00C5Zm5/AtqogXErHEgC6iV3476dUA="},"indexInfo":{"baseKey":"BRpIZ/1v0EMluMXZLWtNE3YhqSPol+YF4tXkX4kjDTxA","baseKeyType":1,"closed":-1,"used":1770580234670,"created":1770580234670,"remoteIdentityKey":"BSBmn2UFqbdgIh/wAGESP0LiXyo/63COuWUw4M67XGIz"},"_chains":{"BdyZXk9y7DP5njSdmbFq64sW9YlAH+RylqAZk4YdsMsk":{"chainKey":{"counter":0,"key":"8uDTWaWg4XLSG79Gu/Lclc1+rQThhkHIU/vXfQmfQJ4="},"chainType":1,"messageKeys":{}}},"pendingPreKey":{"signedKeyId":1,"baseKey":"BRpIZ/1v0EMluMXZLWtNE3YhqSPol+YF4tXkX4kjDTxA"}}},"version":"v1"}