{"_sessions":{"BamAJeRAJ+22pBQassL+2Rx3vH1ncOPCB01WZj7iXYpf":{"registrationId":1723251999,"currentRatchet":{"ephemeralKeyPair":{"pubKey":"BbH3GEXC+tqejflxKMjt+nCvKftKfEjzfiqmAnSzNVwd","privKey":"yApv/b56nQCfRWTdmT1NeHTq2Fy/YCMC2tN3CnBQfVU="},"lastRemoteEphemeralKey":"BWrQAWOq1AO0EiYHVQCBIeFA/Qo7RhfswEYAhachF8FQ","previousCounter":0,"rootKey":"1se+WRchqvwWK4x8XAbpEvdGr9GN+UpyoRwZzBHi+9s="},"indexInfo":{"baseKey":"BamAJeRAJ+22pBQassL+2Rx3vH1ncOPCB01WZj7iXYpf","baseKeyType":1,"closed":-1,"used":1770580234277,"created":1770580234277,"remoteIdentityKey":"BVCpzp2MfCV58Ey0pKvCsY11zBLy50ZgoZNfgGY/2aAE"},"_chains":{"BbH3GEXC+tqejflxKMjt+nCvKftKfEjzfiqmAnSzNVwd":{"chainKey":{"counter":0,"key":"QCgctI0Wytk7HfdWRQMgn4m8QnSIJlKQo/bn22G62Ug="},"chainType":1,"messageKeys":{}}},"pendingPreKey":{"signedKeyId":480825,"baseKey":"BamAJeRAJ+22pBQassL+2Rx3vH1ncOPCB01WZj7iXYpf","preKeyId":2675332}}},"version":"v1"}