{"_sessions":{"BQBRMY6W8i+HYBixyOA0cGhKqnAluiv4nN+2+EV4erQr":{"registrationId":1647813441,"currentRatchet":{"ephemeralKeyPair":{"pubKey":"Bbf9meQFy7bOzB3bsGzjORX+fMILrDrFBgUZV0AcJ7xF","privKey":"CJCk3Wd3Gs7nN5/gwomAMly5YRYawOm99PRkZE8533c="},"lastRemoteEphemeralKey":"BZvlfyrb00SS++KhRJHl+dvxjpgiamHZvdVE3r7E+Op0","previousCounter":0,"rootKey":"hwSPz+DbaivubDNaGhYxbBympN8IgvwkOnZq+pH61iY="},"indexInfo":{"baseKey":"BQBRMY6W8i+HYBixyOA0cGhKqnAluiv4nN+2+EV4erQr","baseKeyType":1,"closed":-1,"used":1770580234055,"created":1770580234055,"remoteIdentityKey":"BYtmeNjKyBkV1vSXofjKTFAeROZkX+VVjg9LOkXQ6eo/"},"_chains":{"Bbf9meQFy7bOzB3bsGzjORX+fMILrDrFBgUZV0AcJ7xF":{"chainKey":{"counter":0,"key":"bh73E0qQMR1LXOBXIAxLDfxM9wWD9dMoXDD/x07Ge3M="},"chainType":1,"messageKeys":{}}},"pendingPreKey":{"signedKeyId":6271471,"baseKey":"BQBRMY6W8i+HYBixyOA0cGhKqnAluiv4nN+2+EV4erQr","preKeyId":279478}}},"version":"v1"}