{"_sessions":{"BWzjh/PTjoomyL4uN3FIvzFOP7ySkiZE7qAakl9WYx5f":{"registrationId":1800810193,"currentRatchet":{"ephemeralKeyPair":{"pubKey":"BXJQtlTPTAByK5h/7uFXZ+4sfbyuMQs+i2yvb+iEFVhm","privKey":"EEtL71b6hCiH6aMx1uFHOGGR0SIrpawzHmIr26JGmWM="},"lastRemoteEphemeralKey":"Bf8vgiADUVYn1TD62S4ocicWkrCre4JSNDx7SIEmsj5h","previousCounter":0,"rootKey":"0L8ui+vyT1F4p0PGM0iKiOREzojiAkN4uM2/1/8uTSA="},"indexInfo":{"baseKey":"BWzjh/PTjoomyL4uN3FIvzFOP7ySkiZE7qAakl9WYx5f","baseKeyType":1,"closed":-1,"used":1770580233860,"created":1770580233860,"remoteIdentityKey":"BVQ0oxJ7O9jOP98rZXeeJ85/PQKFwaum13EL4RiV3AFU"},"_chains":{"BXJQtlTPTAByK5h/7uFXZ+4sfbyuMQs+i2yvb+iEFVhm":{"chainKey":{"counter":0,"key":"Ul2WqDUESVw5u66/9o6lfVHmqcAvk/nETLiYqojA548="},"chainType":1,"messageKeys":{}}},"pendingPreKey":{"signedKeyId":7351815,"baseKey":"BWzjh/PTjoomyL4uN3FIvzFOP7ySkiZE7qAakl9WYx5f","preKeyId":13923138}}},"version":"v1"}