{"_sessions":{"BZdFV2r1eFo3rKqlvDQ6vzVS2UKSTew3CNxwvFGGbKxs":{"registrationId":1681487361,"currentRatchet":{"ephemeralKeyPair":{"pubKey":"BShL54JNDD/mLvbNFMrORBQQl7OZNxV7VtZh8BG3H5JX","privKey":"mMbRn8j76E4kQ0QIYicneF5jbMmHqL0YbaduFyI43WE="},"lastRemoteEphemeralKey":"BSN8v/GQtJqzhy5kWQWx1qBuwGI7p4ZLD+zUdE/m5ZRp","previousCounter":0,"rootKey":"3KNOtac7dyKG+l4H+aweA1YlrFJLl5ufi1qtK14QEsk="},"indexInfo":{"baseKey":"BZdFV2r1eFo3rKqlvDQ6vzVS2UKSTew3CNxwvFGGbKxs","baseKeyType":1,"closed":-1,"used":1770580233869,"created":1770580233869,"remoteIdentityKey":"BU1s4aSdh6/F+CLJdW4zWpe3HQCOqHprs3UBKUy6fDBp"},"_chains":{"BShL54JNDD/mLvbNFMrORBQQl7OZNxV7VtZh8BG3H5JX":{"chainKey":{"counter":0,"key":"B4bBVMaIsrZ2ity34o5Ylu+YprkTV6nHzgp9bX0sjxM="},"chainType":1,"messageKeys":{}}},"pendingPreKey":{"signedKeyId":5537581,"baseKey":"BZdFV2r1eFo3rKqlvDQ6vzVS2UKSTew3CNxwvFGGbKxs","preKeyId":5234453}}},"version":"v1"}