{"_sessions":{"BWV3JDYu7qoF+cYE5LLOADi1ceBR09EjpMSmDU50wfUa":{"registrationId":7211,"currentRatchet":{"ephemeralKeyPair":{"pubKey":"BQUPGysGaVvhZ1zu1qX06PFmR4QpiP5l4PO9RlPcT7Fd","privKey":"eE/v6lmdY6WSzJLiQFcXHZvVjwh33BTdc6ucP6nun2E="},"lastRemoteEphemeralKey":"BV82GEzN/VW2Xo8fzcJtNyJxQnd19lxzSwIVTtql2iZ6","previousCounter":0,"rootKey":"2tlenAksU5Vj01n0/AJhH4azdNfsrRFHs+Kf4sCSbjA="},"indexInfo":{"baseKey":"BWV3JDYu7qoF+cYE5LLOADi1ceBR09EjpMSmDU50wfUa","baseKeyType":1,"closed":-1,"used":1770580234758,"created":1770580234758,"remoteIdentityKey":"BVZBg/Rfe/FSmv0eaRlBK2dAcz4XpXewsj6d4Tdi1t4L"},"_chains":{"BQUPGysGaVvhZ1zu1qX06PFmR4QpiP5l4PO9RlPcT7Fd":{"chainKey":{"counter":0,"key":"Bzcxmb4ukAhKCUuqzbADWWBmKhRTWTult6j/KxxWC4k="},"chainType":1,"messageKeys":{}}},"pendingPreKey":{"signedKeyId":1,"baseKey":"BWV3JDYu7qoF+cYE5LLOADi1ceBR09EjpMSmDU50wfUa","preKeyId":1441}}},"version":"v1"}