{"_sessions":{"Beg+nVaqmvriMNwHhZBVRAW9hO4ow9H56X97fkCPP95U":{"registrationId":1740022048,"currentRatchet":{"ephemeralKeyPair":{"pubKey":"BXq75mUtRcTj+w50PZ+hBMFY3bpU7kv/Nd18y+Tr1YEa","privKey":"kDe972YUl6ZjSyfAdvoOrqifCKwf14G6qpKXYwHUwF4="},"lastRemoteEphemeralKey":"BXN26LLqVhH7lElf222SmIEB7t8jka2fEAft/pKncmsJ","previousCounter":0,"rootKey":"k99SopHulNXcPKB5RX9hM8rqVyn1vBXOz1wpkJ+KbzI="},"indexInfo":{"baseKey":"Beg+nVaqmvriMNwHhZBVRAW9hO4ow9H56X97fkCPP95U","baseKeyType":1,"closed":-1,"used":1770580233978,"created":1770580233978,"remoteIdentityKey":"BR2mp4fTFrz3e4/q6exJ/YPW2gXKOrM1YNnih+mv5ist"},"_chains":{"BXq75mUtRcTj+w50PZ+hBMFY3bpU7kv/Nd18y+Tr1YEa":{"chainKey":{"counter":0,"key":"O2ixdlkJtoav9B7l8MPVDzq7maT/pbn0mwH0RjOvvFM="},"chainType":1,"messageKeys":{}}},"pendingPreKey":{"signedKeyId":3975164,"baseKey":"Beg+nVaqmvriMNwHhZBVRAW9hO4ow9H56X97fkCPP95U","preKeyId":6264049}}},"version":"v1"}