{"_sessions":{"Ba8ugPS8Ps/zQMaf4gYts79LJafz+YJ854l5zsZ+cj8q":{"registrationId":107,"currentRatchet":{"ephemeralKeyPair":{"pubKey":"BcHqMSEHmiIiiSRVNZ1AIKFVjMLu1hticvit+sW29RZN","privKey":"+C+0dwFrHSlVbYFxSz7pNgkH7Wl1cPQXXUKlEJwTlFk="},"lastRemoteEphemeralKey":"BSIeV7nJWnCJ5InrkAq43yYqvRsHMsMMnz5G/xM8jGog","previousCounter":0,"rootKey":"Tsc64Hnv3zl6zkXQRRa15RafoO9OKKVyB+4SVohgXeU="},"indexInfo":{"baseKey":"Ba8ugPS8Ps/zQMaf4gYts79LJafz+YJ854l5zsZ+cj8q","baseKeyType":1,"closed":-1,"used":1770580234580,"created":1770580234580,"remoteIdentityKey":"BYaS68eeRpBEA8oZ+P8V1j9tOcgQP8qG5+YnlADgQroi"},"_chains":{"BcHqMSEHmiIiiSRVNZ1AIKFVjMLu1hticvit+sW29RZN":{"chainKey":{"counter":0,"key":"71n21VdD3F0bOrwg8N1tji6YomaCvcSdByiDm44n/d0="},"chainType":1,"messageKeys":{}}},"pendingPreKey":{"signedKeyId":1,"baseKey":"Ba8ugPS8Ps/zQMaf4gYts79LJafz+YJ854l5zsZ+cj8q"}}},"version":"v1"}