{"_sessions":{"BS+u5lRY4IYhxlXExZfjQbuG6CRA4AAo9+qOLhO4ywJT":{"registrationId":5940714,"currentRatchet":{"ephemeralKeyPair":{"pubKey":"BamukAzUR4qZZxrVp6ucYClh/9lpMZE1YVZiG37hTyt+","privKey":"oC1ogOFrsJKYdg//0yin5jM6agTLWtc6tUcMtJgRLG8="},"lastRemoteEphemeralKey":"BVYrvGSkicc8w49lHXczbmydHtyZostGlOXnPEuaDYl5","previousCounter":0,"rootKey":"OGl7PlZQQaqqg0xpgFc2p04t6CfvNYUzXQ/jYm4BQrA="},"indexInfo":{"baseKey":"BS+u5lRY4IYhxlXExZfjQbuG6CRA4AAo9+qOLhO4ywJT","baseKeyType":2,"closed":1770579333194,"used":1770579317700,"created":1770579317700,"remoteIdentityKey":"BdnSQzqXDql6TjJFXgOBuoIqFOnH5I45pGLnwbQYwQ5e"},"_chains":{"BVYrvGSkicc8w49lHXczbmydHtyZostGlOXnPEuaDYl5":{"chainKey":{"counter":5,"key":"TH4PQNc37qCmQbzb5kK950FmFybHO+CTBTh7HJk1QxI="},"chainType":2,"messageKeys":{}},"BamukAzUR4qZZxrVp6ucYClh/9lpMZE1YVZiG37hTyt+":{"chainKey":{"counter":-1,"key":"8RkvUTtJQSvvo37wQuzIM76mcFajP0kqzHKG8GXwNj4="},"chainType":1,"messageKeys":{}}}},"BcZ4kFmRSYkwvcYvQ0uawPqGEr8uJ1hhJPXTUEgbYGlC":{"registrationId":5940714,"currentRatchet":{"ephemeralKeyPair":{"pubKey":"BZaEInAEwyRW3YRJ9WMf7+SWZFbMwh4sK+3QJw44Ofd5","privKey":"gKS8E9QUOZTfDHTjsCrLFQnMoZwPI3tZedjUjP8zSVs="},"lastRemoteEphemeralKey":"BTg01DdCPup1jsdG8qpTaTcUdhSEM2ICN2tlKV+ZeBNP","previousCounter":3,"rootKey":"0q8vju28xFa0DHafni3IWpGJW2ewXd57dbNF9E54Ubs="},"indexInfo":{"baseKey":"BcZ4kFmRSYkwvcYvQ0uawPqGEr8uJ1hhJPXTUEgbYGlC","baseKeyType":1,"closed":1770579705960,"used":1770579371761,"created":1770579333193,"remoteIdentityKey":"BdnSQzqXDql6TjJFXgOBuoIqFOnH5I45pGLnwbQYwQ5e"},"_chains":{"BTg01DdCPup1jsdG8qpTaTcUdhSEM2ICN2tlKV+ZeBNP":{"chainKey":{"counter":0,"key":"tBM3QFuILe6umkMNl2ojyhQYZnIXWpFLCrq1mSXB0lk="},"chainType":2,"messageKeys":{}},"BZaEInAEwyRW3YRJ9WMf7+SWZFbMwh4sK+3QJw44Ofd5":{"chainKey":{"counter":0,"key":"nTbfCHGR9p/NVa8BnXRAc9HlpSSumuF0je/NIurOLB4="},"chainType":1,"messageKeys":{}}}},"BWTMGUyhm15XYJ3t8CB7smCK/wdCNQwJNpGvnkWeKxAW":{"registrationId":5940714,"currentRatchet":{"ephemeralKeyPair":{"pubKey":"BXMoUf3EF6D7YRxJd/DU3NkHyaqXNXTN6NnByaGU+MFr","privKey":"EIJOyRoYJ0+UPCLnRMraW9rzB7P6GPFUxiDBgEzIB38="},"lastRemoteEphemeralKey":"BX1wcoNPjiIRVMSbqC7tak7jEKQzA+tSEVFFjwknebAa","previousCounter":0,"rootKey":"0aLTTn3x4N+jjkbLKgYdM2riHyoe5ZvRiRhYqb9DwBI="},"indexInfo":{"baseKey":"BWTMGUyhm15XYJ3t8CB7smCK/wdCNQwJNpGvnkWeKxAW","baseKeyType":1,"closed":1770580036946,"used":1770579705960,"created":1770579705960,"remoteIdentityKey":"BdnSQzqXDql6TjJFXgOBuoIqFOnH5I45pGLnwbQYwQ5e"},"_chains":{"BXMoUf3EF6D7YRxJd/DU3NkHyaqXNXTN6NnByaGU+MFr":{"chainKey":{"counter":2,"key":"QwPY0Fa9eGs3Kbk+xruNTlzU0NIaeLgJPZJXVSVYqZ8="},"chainType":1,"messageKeys":{}}},"pendingPreKey":{"signedKeyId":7358260,"baseKey":"BWTMGUyhm15XYJ3t8CB7smCK/wdCNQwJNpGvnkWeKxAW","preKeyId":3884085}},"BQqYacjWbPveiJfN1lBmILblvyMF3iL2fwQgPxW7r5As":{"registrationId":5940714,"currentRatchet":{"ephemeralKeyPair":{"pubKey":"BafqJ7XI3jHn69ux6amnaTYhzVavyHUXBUOVWx2reod/","privKey":"UD9iOrq0YHO7stxEsoSp/4h3htrE+kWJZo3KLt6qr1w="},"lastRemoteEphemeralKey":"BX1wcoNPjiIRVMSbqC7tak7jEKQzA+tSEVFFjwknebAa","previousCounter":0,"rootKey":"o9dg2LqIcURdgAUPIadE9rvgE1cP3caq0fOBkq98w1w="},"indexInfo":{"baseKey":"BQqYacjWbPveiJfN1lBmILblvyMF3iL2fwQgPxW7r5As","baseKeyType":1,"closed":1770580394365,"used":1770580036945,"created":1770580036945,"remoteIdentityKey":"BdnSQzqXDql6TjJFXgOBuoIqFOnH5I45pGLnwbQYwQ5e"},"_chains":{"BafqJ7XI3jHn69ux6amnaTYhzVavyHUXBUOVWx2reod/":{"chainKey":{"counter":11,"key":"Uzi4ftJG2gB6BlqH0i0qzDtw4Rc1gpQaQZLILlYj6rU="},"chainType":1,"messageKeys":{}}},"pendingPreKey":{"signedKeyId":7358260,"baseKey":"BQqYacjWbPveiJfN1lBmILblvyMF3iL2fwQgPxW7r5As","preKeyId":3884064}},"BRgKJ9qZPRbyuAfc9EA6kH/HbCtEuMlNQ2MaFTDqF85U":{"registrationId":5940714,"currentRatchet":{"ephemeralKeyPair":{"pubKey":"BdCHSNpMolUWkS/XOGS4s7/1xKVwpNBwk7tB/pgyv9wo","privKey":"8NmozIPoKpDmy4CKv8PfkBDd/2n/VXMVa0f29LREZUI="},"lastRemoteEphemeralKey":"BX1wcoNPjiIRVMSbqC7tak7jEKQzA+tSEVFFjwknebAa","previousCounter":0,"rootKey":"56Hz/H4qDaOeifsQA44dBpJ9uWqjm4rhl0wn+uj6VFU="},"indexInfo":{"baseKey":"BRgKJ9qZPRbyuAfc9EA6kH/HbCtEuMlNQ2MaFTDqF85U","baseKeyType":1,"closed":-1,"used":1770580394365,"created":1770580394365,"remoteIdentityKey":"BdnSQzqXDql6TjJFXgOBuoIqFOnH5I45pGLnwbQYwQ5e"},"_chains":{"BdCHSNpMolUWkS/XOGS4s7/1xKVwpNBwk7tB/pgyv9wo":{"chainKey":{"counter":1,"key":"hCQvq0mTY8b7DBjwwATZV7WoNb3r8KZ/eZvaRZCpWgE="},"chainType":1,"messageKeys":{}}},"pendingPreKey":{"signedKeyId":7358260,"baseKey":"BRgKJ9qZPRbyuAfc9EA6kH/HbCtEuMlNQ2MaFTDqF85U","preKeyId":3884069}}},"version":"v1"}