{"_sessions":{"BapfEZroyKq7MaMjU25MB4rhuKJRDxACRRGRuP3vsogq":{"registrationId":1040006484,"currentRatchet":{"ephemeralKeyPair":{"pubKey":"BY5Z1h+ERNhijG7YcXSPGTErKlvwBzjdkfp21XG9d+1S","privKey":"WPRBNPebd2o7HkpCFRyr/D22BzeTA8Oyy88USSrU52Y="},"lastRemoteEphemeralKey":"BeACyGD4O5u3x097AtWuJkAh+UUWUkRnfTSjpqJBsPdK","previousCounter":0,"rootKey":"HGy7CDGLSBtE0WM+lnbf+4eXRAQBsoGcKYAoHfwCtbg="},"indexInfo":{"baseKey":"BapfEZroyKq7MaMjU25MB4rhuKJRDxACRRGRuP3vsogq","baseKeyType":1,"closed":-1,"used":1770580233754,"created":1770580233754,"remoteIdentityKey":"BbSBDXpN+gkVDxXpjpyrw1meAQ8ysq/HJJrQtXlNueFA"},"_chains":{"BY5Z1h+ERNhijG7YcXSPGTErKlvwBzjdkfp21XG9d+1S":{"chainKey":{"counter":0,"key":"FDb8YC1ZqyxrvQTXKQ1P0fn6/Wy0NUy3eeusfVcGIN4="},"chainType":1,"messageKeys":{}}},"pendingPreKey":{"signedKeyId":15935710,"baseKey":"BapfEZroyKq7MaMjU25MB4rhuKJRDxACRRGRuP3vsogq","preKeyId":150909}}},"version":"v1"}