{"_sessions":{"BTPQn9+8Xr50YiD1oEN3eMRCVHTYOBv1BzwHcanMAvBv":{"registrationId":348086790,"currentRatchet":{"ephemeralKeyPair":{"pubKey":"BUQkxsEV4SzkrgQl9F7lp3UTISJptxCU+/Pxd0D3ICAK","privKey":"yFoeKyX6kK/KuhSlL9rGTVClyXjPbZunwM/woN7dmnA="},"lastRemoteEphemeralKey":"BWllqadgXGVfVwZSmela4q4ZKR0aCoq/vf8GgIQdx4si","previousCounter":0,"rootKey":"jTQYGq+bFtsDHXdhcpUOXyMMatG/GWNYjD6UV/LD3nc="},"indexInfo":{"baseKey":"BTPQn9+8Xr50YiD1oEN3eMRCVHTYOBv1BzwHcanMAvBv","baseKeyType":1,"closed":-1,"used":1770580234466,"created":1770580234466,"remoteIdentityKey":"BXQkH07u72XG7xMMJgKABy5PwCS/GCGYGqt7Oh1UFFVy"},"_chains":{"BUQkxsEV4SzkrgQl9F7lp3UTISJptxCU+/Pxd0D3ICAK":{"chainKey":{"counter":0,"key":"LM4QHy3Eq1U7dBY9/eBpOpxkEfiwnNXIc7fhVv2lW3M="},"chainType":1,"messageKeys":{}}},"pendingPreKey":{"signedKeyId":11059299,"baseKey":"BTPQn9+8Xr50YiD1oEN3eMRCVHTYOBv1BzwHcanMAvBv","preKeyId":12465267}}},"version":"v1"}