{"_sessions":{"BVVofWfIvk3dfPx5ZkxCEp90DQLU6C0WpSz2CRFoj6Y4":{"registrationId":955894558,"currentRatchet":{"ephemeralKeyPair":{"pubKey":"BZUX7G9WfLpl1sZ8qLf1Dpre6UgiOyNxf3pmSuE7O6Rp","privKey":"gP5kJSGiRCc9ezRREiZbRAJjk8+n5/OKz8ZCEPD/wF4="},"lastRemoteEphemeralKey":"BcYsicOTntk4pdFnjDrs9tncLx4MRF/CpTRwPjbzjGhe","previousCounter":0,"rootKey":"SrSYc4KH06gb1dCdKpc+MgO1l/IJace+5zIvXIJofz8="},"indexInfo":{"baseKey":"BVVofWfIvk3dfPx5ZkxCEp90DQLU6C0WpSz2CRFoj6Y4","baseKeyType":1,"closed":-1,"used":1770580234276,"created":1770580234276,"remoteIdentityKey":"BfXRPLh5cX4OIIryLWenC1bNPGiajdTB15XCgY6UhDol"},"_chains":{"BZUX7G9WfLpl1sZ8qLf1Dpre6UgiOyNxf3pmSuE7O6Rp":{"chainKey":{"counter":0,"key":"dVeB55lMkzWHmMvYinERAUhCE++81SY8mDMcAu4P5mY="},"chainType":1,"messageKeys":{}}},"pendingPreKey":{"signedKeyId":11502589,"baseKey":"BVVofWfIvk3dfPx5ZkxCEp90DQLU6C0WpSz2CRFoj6Y4","preKeyId":6771987}}},"version":"v1"}