{"_sessions":{"BXbJnwsGuaWfjKAQlzo6Do96N9XoGbitL+FZs9P/3hYG":{"registrationId":208999005,"currentRatchet":{"ephemeralKeyPair":{"pubKey":"BReH+7FJbH4+7TFEVQGStvkAsw6mBl08Fy2Qyhtg5x5m","privKey":"uBpn9L2uWtBiMUumtRU31f55IXVzKMLK8cOrwcGmFUo="},"lastRemoteEphemeralKey":"BfbYTjvuPBJCwiLCJ9ADn2Sb06jt77dVC0zGWdP1XAF4","previousCounter":0,"rootKey":"YOzSAiMmT44Y5MwBbv4tCFYqshmdDhCI+QBJzBgaXew="},"indexInfo":{"baseKey":"BXbJnwsGuaWfjKAQlzo6Do96N9XoGbitL+FZs9P/3hYG","baseKeyType":1,"closed":-1,"used":1770580234370,"created":1770580234370,"remoteIdentityKey":"BavysF9oPjN8aIYrEMI1B52wLH9tEFsbYFapvABGpdE+"},"_chains":{"BReH+7FJbH4+7TFEVQGStvkAsw6mBl08Fy2Qyhtg5x5m":{"chainKey":{"counter":0,"key":"sErxvRhBFAkqfsK47sUEsUkYYUhstwwcUk1xBv5xbqA="},"chainType":1,"messageKeys":{}}},"pendingPreKey":{"signedKeyId":15939723,"baseKey":"BXbJnwsGuaWfjKAQlzo6Do96N9XoGbitL+FZs9P/3hYG","preKeyId":7536301}}},"version":"v1"}