{"_sessions":{"BYYHvZJKQsWfTJ8mmm3M1r9jldBbhSZSRE35Z4Lj0NlN":{"registrationId":668061589,"currentRatchet":{"ephemeralKeyPair":{"pubKey":"BULK7Iv0guT6qfkOb4tbu2X8fhxPZgT2WF/44aT0ZbYZ","privKey":"iJdEiQrWMAdk1dg2RB7AHnFB2axrj943Zt9XdCoTmkA="},"lastRemoteEphemeralKey":"BdXgGUNIGs0x26B4zxSMiTwxEX7fsKFl8x1A02d7aSxa","previousCounter":0,"rootKey":"CCCqvhmKNZHWAGekPNwHbQxwNLmyAyGRI2j3k+E1UKM="},"indexInfo":{"baseKey":"BYYHvZJKQsWfTJ8mmm3M1r9jldBbhSZSRE35Z4Lj0NlN","baseKeyType":1,"closed":-1,"used":1770580234161,"created":1770580234161,"remoteIdentityKey":"BeQbyJ2GDkL0W4w6qWSDPWr9TtEYiZAmV/s5xoLLHtkC"},"_chains":{"BULK7Iv0guT6qfkOb4tbu2X8fhxPZgT2WF/44aT0ZbYZ":{"chainKey":{"counter":0,"key":"+HBitdSpvknKHSLVITLwq/Iy/Mb3jKMPhOqUejJtO4E="},"chainType":1,"messageKeys":{}}},"pendingPreKey":{"signedKeyId":2407094,"baseKey":"BYYHvZJKQsWfTJ8mmm3M1r9jldBbhSZSRE35Z4Lj0NlN","preKeyId":9132307}}},"version":"v1"}