{"_sessions":{"BXC7bPCc0qtChlmWT85Y/WrzGPPX++rBoQEdDy3n8k0O":{"registrationId":1454854918,"currentRatchet":{"ephemeralKeyPair":{"pubKey":"BQGtKVOCZGCQ8Ir7lMzZchxRUzoWKBmhVP0gzm6C9aJh","privKey":"UGBs5MlDz137n3kOkNpDHMzBPIIFFhDCUP5XYdvoSX4="},"lastRemoteEphemeralKey":"BTcomipO4gd5dRHGLf0qsRb4C9LZ/c6HrxLkg9lP5BwA","previousCounter":0,"rootKey":"HjLDjkpZ65EYcmLI+5V+gGKLhgyDKU67BhGQ6/ibqUA="},"indexInfo":{"baseKey":"BXC7bPCc0qtChlmWT85Y/WrzGPPX++rBoQEdDy3n8k0O","baseKeyType":1,"closed":-1,"used":1770580234167,"created":1770580234167,"remoteIdentityKey":"BbFsYGbi7w3GvwySLJM3LzSB4A7A7QxqaCrJIS9lSXc+"},"_chains":{"BQGtKVOCZGCQ8Ir7lMzZchxRUzoWKBmhVP0gzm6C9aJh":{"chainKey":{"counter":0,"key":"Ph0k1t7xWR5xa/vBWuW7vSEebk7rWQKcfZeIrMO03r0="},"chainType":1,"messageKeys":{}}},"pendingPreKey":{"signedKeyId":13185009,"baseKey":"BXC7bPCc0qtChlmWT85Y/WrzGPPX++rBoQEdDy3n8k0O","preKeyId":6842628}}},"version":"v1"}