{"_sessions":{"BRbFvqWFKk/3SMK9obH32LH8PucB8I1P+2W7hWF3w8Qq":{"registrationId":1570683466,"currentRatchet":{"ephemeralKeyPair":{"pubKey":"BaG6b40NH4nItS8iRioZci4fskrgerx+kW/I3+4C0cRU","privKey":"UEJOOJClY7+hThA6R0ka/ofEhFs++BGtzdEE52+1mGM="},"lastRemoteEphemeralKey":"BW+LX6jWh994WFtQyoesymcYge/jX5L8nuhRlbRgjSAl","previousCounter":0,"rootKey":"hYoQR7r5V0PHZWgLU+JfMVFf5AUHT1fMutpoeRIQ3Vc="},"indexInfo":{"baseKey":"BRbFvqWFKk/3SMK9obH32LH8PucB8I1P+2W7hWF3w8Qq","baseKeyType":1,"closed":-1,"used":1770580234056,"created":1770580234056,"remoteIdentityKey":"Bfk8mArWO/IbhlErYhDRWOI6BY+MCzhBABHOWaZmIfAs"},"_chains":{"BaG6b40NH4nItS8iRioZci4fskrgerx+kW/I3+4C0cRU":{"chainKey":{"counter":0,"key":"qbcnvZiENEFJ2t86lDPrnmbXuwjYxZ4cYWYVYxwh4cw="},"chainType":1,"messageKeys":{}}},"pendingPreKey":{"signedKeyId":3994633,"baseKey":"BRbFvqWFKk/3SMK9obH32LH8PucB8I1P+2W7hWF3w8Qq"}}},"version":"v1"}