{"_sessions":{"BXs5sQA9hhyMRGq9zneU3GDgUlc2fWA3YZK4Rz7KSE1h":{"registrationId":173099191,"currentRatchet":{"ephemeralKeyPair":{"pubKey":"BY6JW/aGKoHSoMrbGj13hdnPRKtWSKSKm1dWrhhDxJcY","privKey":"yP6WLuC+8nhwMbKXNk5qYvvAyphcQGezeMSsZNLRKGI="},"lastRemoteEphemeralKey":"BcVEDdy+zf1QxPCXSIHatHDeTnGk7phw8x1snbBjmu97","previousCounter":0,"rootKey":"u2sOCEp2eBCZ3h4bn+bWMArW/HCT7nj/SDr9fZClmO8="},"indexInfo":{"baseKey":"BXs5sQA9hhyMRGq9zneU3GDgUlc2fWA3YZK4Rz7KSE1h","baseKeyType":1,"closed":-1,"used":1770580234372,"created":1770580234372,"remoteIdentityKey":"BVE75qUvW2KpgcPqjc2/zPmnco4/4gvv0q1dn3Z+Lq0I"},"_chains":{"BY6JW/aGKoHSoMrbGj13hdnPRKtWSKSKm1dWrhhDxJcY":{"chainKey":{"counter":0,"key":"9R5D8cwMocb+8qf0BlIsx1MMwRmOUJsE7/ciKh/e+f0="},"chainType":1,"messageKeys":{}}},"pendingPreKey":{"signedKeyId":6312489,"baseKey":"BXs5sQA9hhyMRGq9zneU3GDgUlc2fWA3YZK4Rz7KSE1h","preKeyId":6840030}}},"version":"v1"}