{"_sessions":{"Ba//Al8NoInKmxFFjwwzvux7r/kBDbW83pODR6jKJ3Jh":{"registrationId":1441315538,"currentRatchet":{"ephemeralKeyPair":{"pubKey":"BSmlieGpDhTfjvww42/EdAoGRSUj8b4+SM1zJXpcZ/wl","privKey":"aLwpq8paFN6QLv90BhwTvQdXIpQXtm11AoPH3PWCxUg="},"lastRemoteEphemeralKey":"BXETu6TQqKVoipyo+lQerO+uJHbtohG7zKXWm6jnw1gn","previousCounter":0,"rootKey":"XBjONW5riaCo24zwedtqvWFejZaJIYgVOWKWitF1o2M="},"indexInfo":{"baseKey":"Ba//Al8NoInKmxFFjwwzvux7r/kBDbW83pODR6jKJ3Jh","baseKeyType":1,"closed":-1,"used":1770580234366,"created":1770580234366,"remoteIdentityKey":"BS1i7gFBwFyB+ssTeDUl9xxc6UiP5ptCymM7pSKdOTdS"},"_chains":{"BSmlieGpDhTfjvww42/EdAoGRSUj8b4+SM1zJXpcZ/wl":{"chainKey":{"counter":0,"key":"+1J7vTZgswmK1XC5V7FCeGgl46O4U10BwfGYMHuR+Js="},"chainType":1,"messageKeys":{}}},"pendingPreKey":{"signedKeyId":7165519,"baseKey":"Ba//Al8NoInKmxFFjwwzvux7r/kBDbW83pODR6jKJ3Jh","preKeyId":12906196}}},"version":"v1"}